episodio_id,inizio,n_post,testo_unito,novita,direzione,intensita,concretezza,note
91,2025-12-31 18:42:28.810000+00:00,1,Putin 'attack' bluster shows Russia is the one standing in the way of peace: nypost.com/2025/12/30/opinion/,0.7084463834762573,,,,
314,2026-09-03 14:56:21.515000+00:00,1,"For the treasonous SCUM that refuses to accurately report on our Military Operation in Iran, we have virtually unlimited amounts of Mid to High Grade Ammunition, far more than we could ever use for this, or for any other War (which is highly unlikely!), that could improbably take place. In addition, we are producing Munitions at levels never seen before. We are stockpiling and preparing for any contingency that could happen. We are taking them for ourselves, the U.S.A., rather than selling them to others, but the sales to Allies will soon again, begin. Also, please let it be known, that the Biden Administration gave far more Munitions away to Ukraine, at no cost to them, whatsoever, than we have used in Iran. Hundreds of Billions of Dollars was given to Ukraine and NATO, free of charge, that Europe would have paid for — If they were only asked, but we will be asking for that money, though somewhat belatedly! Thank you for your attention to this matter. President DONALD J. TRUMP",0.3986546993255615,,,,
45,2025-06-24 11:28:58.419000+00:00,2,"ISRAEL is not going to attack Iran. All planes will turn around and head home, while doing a friendly ""Plane Wave"" to Iran. Nobody will be hurt, the Ceasefire is in effect! Thank you for your attention to this matter! DONALD J. TRUMP, PRESIDENT OF THE UNITED STATES || IRAN WILL NEVER REBUILD THEIR NUCLEAR FACILITIES!",0.29923051595687866,,,,
29,2025-06-04 17:56:45.415000+00:00,1,"I just finished speaking, by telephone, with President Vladimir Putin, of Russia. The call lasted approximately one hour and 15 minutes. We discussed the attack on Russia’s docked airplanes, by Ukraine, and also various other attacks that have been taking place by both sides. It was a good conversation, but not a conversation that will lead to immediate Peace. President Putin did say, and very strongly, that he will have to respond to the recent attack on the airfields. We also discussed Iran, and the fact that time is running out on Iran’s decision pertaining to nuclear weapons, which must be made quickly! I stated to President Putin that Iran cannot have a nuclear weapon and, on this, I believe that we were in agreement. President Putin suggested that he will participate in the discussions with Iran and that he could, perhaps, be helpful in getting this brought to a rapid conclusion. It is my opinion that Iran has been slowwalking their decision on this very important matter, and we will need a definitive answer in a very short period of time!",-1.1920928955078125e-07,,,,
64,2025-07-30 12:09:13.648000+00:00,1,"Remember, while India is our friend, we have, over the years, done relatively little business with them because their Tariffs are far too high, among the highest in the World, and they have the most strenuous and obnoxious non-monetary Trade Barriers of any Country. Also, they have always bought a vast majority of their military equipment from Russia, and are Russia’s largest buyer of ENERGY, along with China, at a time when everyone wants Russia to STOP THE KILLING IN UKRAINE — ALL THINGS NOT GOOD! INDIA WILL THEREFORE BE PAYING A TARIFF OF 25%, PLUS A PENALTY FOR THE ABOVE, STARTING ON AUGUST FIRST. THANK YOU FOR YOUR ATTENTION TO THIS MATTER. MAGA!",0.8108229041099548,,,,
264,2026-06-20 19:15:17.123000+00:00,1,"There will be NO TOLLS in the Hormuz Strait for 60 days during the Cease Fire Period, and there will be NO TOLLS after the 60 day period has expired, unless they are imposed by and for the United States of America, should the deal not be completed, for services rendered as the Guardian Angel to the countries of the Middle East for purposes of both past, present, and future reimbursement of costs. Thank you for your attention to this matter!!! President DJT",0.4160952568054199,,,,
287,2026-07-22 12:56:52.464000+00:00,1,"From this point forward, any time the Islamic Republic of Iran shoots at a ship in the Strait of Hormuz, whether it be by Missile, Rocket, Drone, or any other device or weapon, the United States will bomb and destroy ONE BRIDGE OR POWER PLANT, including those located next to, or in, the Capital City of Tehran. Thank you for your attention to this matter! President DONALD J. TRUMP",0.3463038206100464,,,,
214,2026-05-05 22:52:09.159000+00:00,1,"Based on the request of Pakistan and other Countries, the tremendous Military Success that we have had during the Campaign against the Country of Iran and, additionally, the fact that Great Progress has been made toward a Complete and Final Agreement with Representatives of Iran, we have mutually agreed that, while the Blockade will remain in full force and effect, Project Freedom (The Movement of Ships through the Strait of Hormuz) will be paused for a short period of time to see whether or not the Agreement can be finalized and signed. President DONALD J. TRUMP",0.21250128746032715,,,,
138,2026-03-18 12:35:32.232000+00:00,2,"I wonder what would happen if we ""finished off"" what's left of the Iranian Terror State, and let the Countries that use it, we don't, be responsible for the so called ""Strait?"" That would get some of our non-responsive ""Allies"" in gear, and fast!!! President DJT || US allies need to get a grip – step up and help open the Strait of Hormuz: nypost.com/2026/03/17/opinion/",0.3451155424118042,,,,
27,2025-06-02 22:05:50.347000+00:00,1,"The AUTOPEN should have stopped Iran a long time ago from ""enriching."" Under our potential Agreement — WE WILL NOT ALLOW ANY ENRICHMENT OF URANIUM!",0.7764633893966675,,,,
13,2025-03-24 14:37:40.849000+00:00,1,"President Donald J. Trump announced today that the United States of America will be putting what is known as a Secondary Tariff on the Country of Venezuela, for numerous reasons, including the fact that Venezuela has purposefully and deceitfully sent to the United States, undercover, tens of thousands of high level, and other, criminals, many of whom are murderers and people of a very violent nature. Among the gangs they sent to the United States, is Tren de Aragua, which has been given the designation of ""Foreign Terrorist Organization."" We are in the process of returning them to Venezuela — It is a big task! In addition, Venezuela has been very hostile to the United States and the Freedoms which we espouse. Therefore, any Country that purchases Oil and/or Gas from Venezuela will be forced to pay a Tariff of 25% to the United States on any Trade they do with our Country. All documentation will be signed and registered, and the Tariff will take place on April 2nd, 2025, LIBERATION DAY IN AMERICA. Please let this notification serve to represent that the Department of Homeland Security, Border Patrol, and all other Law Enforcement Agencies within our Country have been so notified. Thank you for your attention to this matter!",0.6367080211639404,,,,
77,2025-09-15 19:57:14.859000+00:00,1,"This morning, on my Orders, U.S. Military Forces conducted a SECOND Kinetic Strike against positively identified, extraordinarily violent drug trafficking cartels and narcoterrorists in the SOUTHCOM area of responsibility. The Strike occurred while these confirmed narcoterrorists from Venezuela were in International Waters transporting illegal narcotics (A DEADLY WEAPON POISONING AMERICANS!) headed to the U.S. These extremely violent drug trafficking cartels POSE A THREAT to U.S. National Security, Foreign Policy, and vital U.S. Interests. The Strike resulted in 3 male terrorists killed in action. No U.S. Forces were harmed in this Strike. BE WARNED — IF YOU ARE TRANSPORTING DRUGS THAT CAN KILL AMERICANS, WE ARE HUNTING YOU! The illicit activities by these cartels have wrought DEVASTATING CONSEQUENCES ON AMERICAN COMMUNITIES FOR DECADES, killing millions of American Citizens. NO LONGER. Thank you for your attention to this matter!!!Video --",0.2350671887397766,,,,
290,2026-08-03 15:25:55.435000+00:00,1,"Iranian Leadership is unbelievably duplicitous! They ask for a meeting, some would say ""beg,"" talks begin, with more scheduled in the immediate future, and they say, openly and proudly, that they're not having any discussions, that nothing is being talked about, and they're only dealing with ""Oman."" They then go on to give their usual blather in saying, the Strait of Hormuz will be operated powerfully by them, when it is already completely controlled by the United States Navy and our ""Blockade"" or, as some say, ""The United States Wall of Steel!"" Nothing gets through to Iran, unless we want it to, and nothing will get through, unless a Deal, or Total Surrender, is accomplished. Whether Iran wants to admit it or not, we are, in fact, talking of a solution to a problem that they have caused, for decades. It is very simple, IRAN WILL NEVER HAVE A NUCLEAR WEAPON! Thank you for your attention to this matter. President DONALD J. TRUMP",0.31858015060424805,,,,
113,2026-03-02 23:20:48.211000+00:00,2,"The Radical Left Democrats, a Party that has completely lost its way, are complaining bitterly about the very necessary and important attack, by the United States and Israel, on Iran. What most people understand is that they are only complaining BECAUSE I DID IT and, if I didn't do it, they would be screaming — Why didn't ""TRUMP"" attack Iran, he should do it, IMMEDIATELY? There's nothing surprising about this! It's the same people that the other night at The State of the Union Address wouldn't stand for ANYBODY, including a mother who lost her beautiful daughter to an illegal alien, a Great and Brave Helicopter Pilot, who got the Congressional Medal of Honor, or a 100-year-old Veteran Warrior whose Bravery is Legend! The fact is, whatever I do, they will be on the opposite side. These people are SICK, CRAZY, and DEMENTED, but America, despite them all, is now BIGGER, BETTER, AND STRONGER THAN EVER BEFORE. MAKE AMERICA GREAT AGAIN! President DONALD J. TRUMP || DOUG SCHOEN: As a Democrat, I back Trump's Iran strike — my party is wrong: foxnews.com/opinion/doug-schoe",0.5011391639709473,,,,
105,2026-02-05 18:47:27.103000+00:00,1,"The United States is the most powerful Country in the World. I completely rebuilt its Military in my First Term, including new and many refurbished nuclear weapons. I also added Space Force and now, continue to rebuild our Military at levels never seen before. We are even adding Battleships, which are 100 times more powerful than the ones that roamed the Seas during World War II — The Iowa, Missouri, Alabama, and others. I have stopped Nuclear Wars from breaking out across the World between Pakistan and India, Iran and Israel, and Russia and Ukraine. Rather than extend “NEW START” (A badly negotiated deal by the United States that, aside from everything else, is being grossly violated), we should have our Nuclear Experts work on a new, improved, and modernized Treaty that can last long into the future. Thank you for your attention to this matter! PRESIDENT DONALD J. TRUMP",0.5244096517562866,,,,
56,2025-06-28 11:08:25.355000+00:00,1,"Charlie Kirk ( ) JUST IN — President Trump says he will no longer be removing sanctions from Iran after the Ayatollah claimed he won the war. ""As a man of great faith, he's not supposed to lie ... They are always so ... [Quotes DJT Trump of 6/27/2025, 10:56am]",0.42924070358276367,,,,
228,2026-05-24 18:16:36.928000+00:00,1,"If I make a deal with Iran, it will be a good and proper one, not like the one made by Obama, which gave Iran massive amounts of CASH, and a clear and open path to a Nuclear Weapon. Our deal is the exact opposite, but nobody has seen it, or knows what it is. It isn't even fully negotiated yet. So don't listen to the losers, who are critical about something they know nothing about. Unlike those before me who should have solved this problem many years ago, I don't make bad deals! President DJT",0.28230953216552734,,,,
298,2026-08-17 10:18:09.814000+00:00,1,"The number one Goal is, and always will be, that Iran cannot have, in any way, shape, or form, a Nuclear Weapon. Thank you for your attention to this matter! President DONALD J. TRUMP",0.41315144300460815,,,,
187,2026-04-15 03:34:56.928000+00:00,2,"Will someone please tell Pope Leo that Iran has killed at least 42,000 innocent, completely unarmed, protesters in the last two months, and that for Iran to have a Nuclear Bomb is absolutely unacceptable. Thank you for your attention to this matter. AMERICA IS BACK!!! President DONALD J. TRUMP || Chokehold: Iran could run out of oil storage with Trump blockade, wreaking havoc with its economy:",0.30811119079589844,,,,
194,2026-04-19 19:23:20.602000+00:00,1,"Today, an Iranian-flagged cargo ship named TOUSKA, nearly 900 feet long and weighing almost as much as an aircraft carrier, tried to get past our Naval Blockade, and it did not go well for them. The U.S. Navy Guided Missile Destroyer USS SPRUANCE intercepted the TOUSKA in the Gulf of Oman, and gave them fair warning to stop. The Iranian crew refused to listen, so our Navy ship stopped them right in their tracks by blowing a hole in the engineroom. Right now, U.S. Marines have custody of the vessel. The TOUSKA is under U.S. Treasury Sanctions because of their prior history of illegal activity. We have full custody of the ship, and are seeing what's on board! President DONALD J. TRUMP",0.4023909568786621,,,,
154,2026-03-30 11:26:45.164000+00:00,1,"The United States of America is in serious discussions with A NEW, AND MORE REASONABLE, REGIME to end our Military Operations in Iran. Great progress has been made but, if for any reason a deal is not shortly reached, which it probably will be, and if the Hormuz Strait is not immediately ""Open for Business,"" we will conclude our lovely ""stay"" in Iran by blowing up and completely obliterating all of their Electric Generating Plants, Oil Wells and Kharg Island (and possibly all desalinization plants!), which we have purposefully not yet ""touched."" This will be in retribution for our many soldiers, and others, that Iran has butchered and killed over the old Regime's 47 year ""Reign of Terror."" Thank you for your attention to this matter. President DONALD J. TRUMP",0.18145692348480225,,,,
307,2026-08-25 14:30:27.759000+00:00,1,"I have just been informed by the United States Navy that all mines have been removed and/or detonated from within the International Waters of the Strait of Hormuz. Iran has been notified that any ship or boat placing new mines will be immediately and systematically destroyed. Through Space Force, we are watching every square inch of the Strait, as we are, also, with Pickaxe Mountain and the already destroyed three other Nuclear sites. There is a Zero Tolerance policy on mine placement in full force and effect. Thank you for your attention to this matter! President DONALD J. TRUMP",0.23642563819885254,,,,
12,2025-03-19 16:27:36.092000+00:00,1,"Reports are coming in that while Iran has lessened its intensity on Military Equipment and General Support to the Houthis, they are still sending large levels of Supplies. Iran must stop the sending of these Supplies IMMEDIATELY. Let the Houthis fight it out themselves. Either way they lose, but this way they lose quickly. Tremendous damage has been inflicted upon the Houthi barbarians, and watch how it will get progressively worse — It's not even a fair fight, and never will be. They will be completely annihilated!",0.2765873670578003,,,,
88,2025-12-16 23:46:17.884000+00:00,1,"Venezuela is completely surrounded by the largest Armada ever assembled in the History of South America. It will only get bigger, and the shock to them will be like nothing they have ever seen before — Until such time as they return to the United States of America all of the Oil, Land, and other Assets that they previously stole from us. The illegitimate Maduro Regime is using Oil from these stolen Oil Fields to finance themselves, Drug Terrorism, Human Trafficking, Murder, and Kidnapping. For the theft of our Assets, and many other reasons, including Terrorism, Drug Smuggling, and Human Trafficking, the Venezuelan Regime has been designated a FOREIGN TERRORIST ORGANIZATION. Therefore, today, I am ordering A TOTAL AND COMPLETE BLOCKADE OF ALL SANCTIONED OIL TANKERS going into, and out of, Venezuela. The Illegal Aliens and Criminals that the Maduro Regime has sent into the United States during the weak and inept Biden Administration, are being returned to Venezuela at a rapid pace. America will not allow Criminals, Terrorists, or other Countries, to rob, threaten, or harm our Nation and, likewise, will not allow a Hostile Regime to take our Oil, Land, or any other Assets, all of which must be returned to the United States, IMMEDIATELY. Thank you for your attention to this matter!DONALD J. TRUMP PRESIDENT OF THE UNITED STATES OF AMERICA",0.7810177803039551,,,,
50,2025-06-25 22:27:20.555000+00:00,1,"BREAKING NEWS…I was shocked to hear that the State of Israel, which has just had one of its Greatest Moments in History, and is strongly led by Bibi Netanyahu, is continuing its ridiculous Witch Hunt against their Great War Time Prime Minister! Bibi and I just went through HELL together, fighting a very tough and brilliant longtime enemy of Israel, Iran, and Bibi could not have been better, sharper, or stronger in his LOVE for the incredible Holy Land. Anybody else would have suffered losses, embarrassment, and chaos! Bibi Netanyahu was a WARRIOR, like perhaps no other Warrior in the History of Israel, and the result was something that nobody thought was possible, a complete elimination of potentially one of the biggest and most powerful Nuclear Weapons anywhere in the World, and it was going to happen, SOON! We were fighting, literally, for the Survival of Israel, and there is nobody in Israel's History that fought harder or more competently than Bibi Netanyahu. Despite all of this, I just learned that Bibi has been summoned to Court on Monday for the continuation of this long running, (He has been going through this ""Horror Show"" since May of 2020 – Unheard of! This is the first time a sitting Israeli Prime Minister has ever been on trial.), politically motivated case, ""concerning cigars, a Bugs Bunny doll, and numerous other unfair charges"" in order to do him great harm. Such a WITCH HUNT, for a man who has given so much, is unthinkable to me. He deserves much better than this, and so does the State of Israel. Bibi Netanyahu's trial should be CANCELLED, IMMEDIATELY, or a Pardon given to a Great Hero, who has done so much for the State. Perhaps there is no one that I know who could have worked in better harmony with the President of the United States, ME, than Bibi Netanyahu. It was the United States of America that saved Israel, and now it is going to be the United States of America that saves Bibi Netanyahu. THIS TRAVESTY OF ""JUSTICE"" CAN NOT BE ALLOWED!",0.5499165058135986,,,,
67,2025-08-03 05:49:50.739000+00:00,1,"The very wonderful and talented Lara Trump, whose show is a big ratings success, put racist sleazebag Charlamagne ""The God"" (Why is he allowed to use the word ""GOD"" when describing himself? Can anyone imagine the uproar there would be if I used that nickname?). He's a Low IQ individual, has no idea what words are coming out of his mouth, and knows nothing about me or what I have done - like just ending 5 Wars, including a 31 year bloodbath between Republic of the Congo and Rwanda, where Seven Million people have died, and there was no end in sight. He didn't know that, or India and Pakistan or, wiping out Iran's nuclear capabilities, or closing the horrendous open Border, or creating the greatest economy, where prices and Inflation have come way down, and where STUPID and CORRUPT JOE BIDEN set the record for doing the Worst Job as President, EVER. But this dope, Charlamagne, would vote for Sleepy Joe or Kamala? Remember, one year ago our Country was DEAD, now it's the ""HOTTEST"" Country anywhere in the World. MAGA!!!",0.6294438242912292,,,,
73,2025-09-01 13:25:09.688000+00:00,1,"What few people understand is that we do very little business with India, but they do a tremendous amount of business with us. In other words, they sell us massive amounts of goods, their biggest ""client,"" but we sell them very little - Until now a totally one sided relationship, and it has been for many decades. The reason is that India has charged us, until now, such high Tariffs, the most of any country, that our businesses are unable to sell into India. It has been a totally one sided disaster! Also, India buys most of its oil and military products from Russia, very little from the U.S. They have now offered to cut their Tariffs to nothing, but it's getting late. They should have done so years ago. Just some simple facts for people to ponder!!!",0.3393207788467407,,,,
110,2026-02-28 21:37:32.281000+00:00,1,"Khamenei, one of the most evil people in History, is dead. This is not only Justice for the people of Iran, but for all Great Americans, and those people from many Countries throughout the World, that have been killed or mutilated by Khamenei and his gang of bloodthirsty THUGS. He was unable to avoid our Intelligence and Highly Sophisticated Tracking Systems and, working closely with Israel, there was not a thing he, or the other leaders that have been killed along with him, could do. This is the single greatest chance for the Iranian people to take back their Country. We are hearing that many of their IRGC, Military, and other Security and Police Forces, no longer want to fight, and are looking for Immunity from us. As I said last night, ""Now they can have Immunity, later they only get Death!"" Hopefully, the IRGC and Police will peacefully merge with the Iranian Patriots, and work together as a unit to bring back the Country to the Greatness it deserves. That process should soon be starting in that, not only the death of Khamenei but the Country has been, in only one day, very much destroyed and, even, obliterated. The heavy and pinpoint bombing, however, will continue, uninterrupted throughout the week or, as long as necessary to achieve our objective of PEACE THROUGHOUT THE MIDDLE EAST AND, INDEED, THE WORLD! Thank you for your attention to this matter. PRESIDENT DONALD J. TRUMP",0.4820990562438965,,,,
224,2026-05-22 05:29:09.921000+00:00,1,"RT Iran surrenders, admits their Navy is gone and resting at the bottom of the sea, and their Air Force is no longer with us, and if their entire Military walks out of Tehran, weapons dropped and hands held high, each shouting ""I surrender, I surrender"" while wildly waving the representative White Flag, and if their entire remaining Leadership signs all necessary ""Documents of Surrender,"" and admit their defeat to the great power and force of the magnificent U.S.A., The Failing New York Times, The China Street Journal (WSJ!), Corrupt and now Irrelevant CNN, and all other members of the Fake News Media, will headline that Iran had a Masterful and Brilliant Victory over The United States of America, it wasn't even close. The Dumacrats and Media have totally lost their way. They have gone absolutely CRAZY!!! President DJT",0.023055851459503174,,,,
10,2025-03-15 18:29:28.046000+00:00,2,"Today, I have ordered the United States Military to launch decisive and powerful Military action against the Houthi terrorists in Yemen. They have waged an unrelenting campaign of piracy, violence, and terrorism against American, and other, ships, aircraft, and drones. Joe Biden's response was pathetically weak, so the unrestrained Houthis just kept going. It has been over a year since a U.S. flagged commercial ship safely sailed through the Suez Canal, the Red Sea, or the Gulf of Aden. The last American Warship to go through the Red Sea, four months ago, was attacked by the Houthis over a dozen times. Funded by Iran, the Houthi thugs have fired missiles at U.S. aircraft, and targeted our Troops and Allies. These relentless assaults have cost the U.S. and World Economy many BILLIONS of Dollars while, at the same time, putting innocent lives at risk. The Houthi attack on American vessels will not be tolerated. We will use overwhelming lethal force until we have achieved our objective. The Houthis have choked off shipping in one of the most important Waterways of the World, grinding vast swaths of Global Commerce to a halt, and attacking the core principle of Freedom of Navigation upon which International Trade and Commerce depends. Our brave Warfighters are right now carrying out aerial attacks on the terrorists' bases, leaders, and missile defenses to protect American shipping, air, and naval assets, and to restore Navigational Freedom. No terrorist force will stop American commercial and naval vessels from freely sailing the Waterways of the World. To all Houthi terrorists, YOUR TIME IS UP, AND YOUR ATTACKS MUST STOP, STARTING TODAY. IF THEY DON'T, HELL WILL RAIN DOWN UPON YOU LIKE NOTHING YOU HAVE EVER SEEN BEFORE! To Iran: Support for the Houthi terrorists must end IMMEDIATELY! Do NOT threaten the American People, their President, who has received one of the largest mandates in Presidential History, or Worldwide shipping lanes. If you do, BEWARE, because America will hold you fully accountable and, we won't be nice about it! || I am pleased to inform you that General Keith Kellogg has been appointed Special Envoy to Ukraine. General Kellogg, a Highly Respected Military Expert, will deal directly with President Zelenskyy, and Ukrainian leadership. He knows them well, and they have a very good working relationship together. Congratulations to General Kellogg!",0.6549416184425354,,,,
5,2025-02-05 11:17:05.718000+00:00,1,"I want Iran to be a great and successful Country, but one that cannot have a Nuclear Weapon. Reports that the United States, working in conjunction with Israel, is going to blow Iran into smithereens,"" ARE GREATLY EXAGGERATED. I would much prefer a Verified Nuclear Peace Agreement, which will let Iran peacefully grow and prosper. We should start working on it immediately, and have a big Middle East Celebration when it is signed and completed. God Bless the Middle East!",0.6765754222869873,,,,
44,2025-06-23 22:02:38.349000+00:00,1,"CONGRATULATIONS TO EVERYONE! It has been fully agreed by and between Israel and Iran that there will be a Complete and Total CEASEFIRE (in approximately 6 hours from now, when Israel and Iran have wound down and completed their in progress, final missions!), for 12 hours, at which point the War will be considered, ENDED! Officially, Iran will start the CEASEFIRE and, upon the 12th Hour, Israel will start the CEASEFIRE and, upon the 24th Hour, an Official END to THE 12 DAY WAR will be saluted by the World. During each CEASEFIRE, the other side will remain PEACEFUL and RESPECTFUL. On the assumption that everything works as it should, which it will, I would like to congratulate both Countries, Israel and Iran, on having the Stamina, Courage, and Intelligence to end, what should be called, ""THE 12 DAY WAR."" This is a War that could have gone on for years, and destroyed the entire Middle East, but it didn't, and never will! God bless Israel, God bless Iran, God bless the Middle East, God bless the United States of America, and GOD BLESS THE WORLD! DONALD J. TRUMP, PRESIDENT OF THE UNITED STATES OF AMERICA",0.37081968784332275,,,,
276,2026-07-11 03:18:00.685000+00:00,1,"1000 Missiles are Locked and Loaded and aimed at the Islamic Republic of Iran, with thousands of more to immediately follow, should the Iranian Government act on its threat, pronounced in many corners of the Globe, to assassinate, or attempt to assassinate, the sitting President of the United States of America, in this case, ME! Orders have already been given, and the U.S. Military is ready, willing, and able, for a one year period of time, subject to extension, to completely decimate and destroy all areas of Iran - PRAISE BE TO ALLAH! President DONALD J. TRUMP",0.4103211760520935,,,,
286,2026-07-21 19:51:12.133000+00:00,2,"Afghanistan War: 20 years, 2,000 DEAD. Iraq War: 9 years, 4,600 DEAD. Vietnam War: 19 years and 5 months, 58,220 DEAD. Korean War: 3 years and 1 month, 36,574 DEAD. Venezuela War: 1 day, 0 DEAD. Iran Military Conflict: 4 months, 18 DEAD. || RT War: 20 years, 2,000 DEAD.Iraq War: 9 years, 4,600 DEAD.Vietnam War: 19 years and 5 months, 58,220 DEAD.Korean War: 3 years and 1 month, 36,574 DEAD.Venezuela War: 1 day, 0 DEAD.Iran Military Conflict: 4 months, 18 DEAD.",0.6473549008369446,,,,
24,2025-05-08 10:31:32.314000+00:00,1,"""Too Late"" Jerome Powell is a FOOL, who doesn't have a clue. Other than that, I like him very much! Oil and Energy way down, almost all costs (groceries and ""eggs"") down, virtually NO INFLATION, Tariff Money Pouring Into the U.S. — THE EXACT OPPOSITE OF ""TOO LATE!"" ENJOY!",0.7110267281532288,,,,
11,2025-03-17 15:29:51.373000+00:00,1,"Let nobody be fooled! The hundreds of attacks being made by Houthi, the sinister mobsters and thugs based in Yemen, who are hated by the Yemeni people, all emanate from, and are created by, IRAN. Any further attack or retaliation by the ""Houthis"" will be met with great force, and there is no guarantee that that force will stop there. Iran has played ""the innocent victim"" of rogue terrorists from which they've lost control, but they haven't lost control. They're dictating every move, giving them the weapons, supplying them with money and highly sophisticated Military equipment, and even, so-called, ""Intelligence."" Every shot fired by the Houthis will be looked upon, from this point forward, as being a shot fired from the weapons and leadership of IRAN, and IRAN will be held responsible, and suffer the consequences, and those consequences will be dire!DONALD J. TRUMP, PRESIDENT OF THE UNITED STATES OF AMERICA",0.24890142679214478,,,,
266,2026-06-21 20:57:26.434000+00:00,1,"The headline in the Corrupt and Failing New York Times: “What Changed After Almost 4 Months of War? Analysts Say Not Much.” REALLY? Their Military is DONE, their Navy is GONE, their Air Force is GONE, their Launching Pads, Missiles, Drones and Manufacturing of same, is almost GONE, their top two sets of Leaders are GONE, their Inflation is at 250%, their Economy is BROKEN, their Soldiers aren't being paid, the Hormuz Strait is OPEN, THE OIL IS GUSHING, and the U.S. Stock Market and Jobs are at record HIGHS. That's what's CHANGED, you corrupt and unethical cowards, and MORE!!! President DJT",0.46062135696411133,,,,
82,2025-10-30 01:04:13.912000+00:00,1,"The United States has more Nuclear Weapons than any other country. This was accomplished, including a complete update and renovation of existing weapons, during my First Term in office. Because of the tremendous destructive power, I HATED to do it, but had no choice! Russia is second, and China is a distant third, but will be even within 5 years. Because of other countries testing programs, I have instructed the Department of War to start testing our Nuclear Weapons on an equal basis. That process will begin immediately. Thank you for your attention to this matter! PRESIDENT DONALD J. TRUMP",0.6270738840103149,,,,
89,2025-12-17 03:00:00.457000+00:00,1,"Trump orders 'blockade' of sanctioned oil tankers leaving, entering Venezuela: reuters.com/world/americas/tru",0.3044285774230957,,,,
172,2026-04-10 05:15:15.066000+00:00,1,"Trump upends China's lucrative sanctioned oil import scheme after Iran, Venezuela interventions: justthenews.com/government/dip",0.46398764848709106,,,,
223,2026-05-18 20:02:49.430000+00:00,1,"RT have been asked by the Emir of Qatar, Tamim bin Hamad Al Thani, the Crown Prince of Saudi Arabia, Mohammed bin Salman Al Saud, and the President of the United Arab Emirates, Mohamed bin Zayed Al Nahyan, to hold off on our planned Military attack of the Islamic Republic of Iran, which was scheduled for tomorrow, in that serious negotiations are now taking place, and that, in their opinion, as Great Leaders and Allies, a Deal will be made, which will be very acceptable to the United States of America, as well as all Countries in the Middle East, and beyond. This Deal will include, importantly, NO NUCLEAR WEAPONS FOR IRAN! Based on my respect for the above mentioned Leaders, I have instructed Secretary of War, Pete Hegseth, The Chairman of The Joint Chiefs of Staff, General Daniel Caine, and The United States Military, that we will NOT be doing the scheduled attack of Iran tomorrow, but have further instructed them to be prepared to go forward with a full, large scale assault of Iran, on a moment's notice, in the event that an acceptable Deal is not reached. Thank you for your attention to this matter! President DONALD J. TRUMP",0.0029441118240356445,,,,
170,2026-04-09 21:08:34.116000+00:00,2,"There are reports that Iran is charging fees to tankers going through the Hormuz Strait — They better not be and, if they are, they better stop now! President DONALD J. TRUMP || The Wall Street Journal, one of the worst and most inaccurate ""Editorial Boards"" in the World, stated that I ""declared premature victory in Iran."" Actually, it is a Victory, and there's nothing ""premature"" about it! Because of me, IRAN WILL NEVER HAVE A NUCLEAR WEAPON and, very quickly, you'll see Oil start flowing, with or without the help of Iran and, to me, it makes no difference, either way. The Wall Street Journal will, as usual, live to eat their words. They are always quick to criticize, but never to admit when they're wrong, which is most of the time! President DONALD J. TRUMP",0.28456413745880127,,,,
246,2026-06-10 17:50:24.116000+00:00,1,"Last month, I directed our Great U.S. Military to execute a secret mission to support Oil Tankers and other Commercial Ships through the Strait of Hormuz. Today, I am pleased to announce that this effort has resulted in more than 100 MILLION Barrels of Oil making its way through the Strait, and into the Open Market. More than 200 Commercial Ships have safely traveled through the Strait. This wildly successful effort is because the UNITED STATES of AMERICA CONTROLS the Strait of Hormuz — NOT Iran. Their military is defeated, and their economy is lost. It's over for Iran! Thank you for your attention to this matter. President DONALD J. TRUMP",0.3133339285850525,,,,
1,2024-12-08 07:00:42.261000+00:00,1,"Assad is gone. He has fled his country. His protector, Russia, Russia, Russia, led by Vladimir Putin, was not interested in protecting him any longer. There was no reason for Russia to be there in the first place. They lost all interest in Syria because of Ukraine, where close to 600,000 Russian soldiers lay wounded or dead, in a war that should never have started, and could go on forever. Russia and Iran are in a weakened state right now, one because of Ukraine and a bad economy, the other because of Israel and its fighting success. Likewise, Zelenskyy and Ukraine would like to make a deal and stop the madness. They have ridiculously lost 400,000 soldiers, and many more civilians. There should be an immediate ceasefire and negotiations should begin. Too many lives are being so needlessly wasted, too many families destroyed, and if it keeps going, it can turn into something much bigger, and far worse. I know Vladimir well. This is his time to act. China can help. The World is waiting!",1.0,,,,
87,2025-12-08 14:25:51.030000+00:00,1,"The only reason Marjorie ""Traitor"" Brown (Green turns Brown under stress!) went BAD is that she was JILTED by the President of the United States (Certainly not the first time she has been jilted!). Too much work, not enough time, and her ideas are, NOW, really BAD - She sort of reminds me of a Rotten Apple! Marjorie is not AMERICA FIRST or MAGA, because nobody could have changed her views so fast, and her new views are those of a very dumb person. That was proven last night when washed up, Trump hating, 60 Minutes ""correspondent,"" Lesley Stahl, who still owes me an apology from when she attacked me on the show (with serious conviction!), that Hunter Biden's LAPTOP FROM HELL was produced by Russia, not Hunter himself (TOTALLY PROVEN WRONG!), interviewed a very poorly prepared Traitor, who in her confusion made many really stupid statements. My real problem with the show, however, wasn't the low IQ traitor, it was that the new ownership of 60 Minutes, Paramount, would allow a show like this to air. THEY ARE NO BETTER THAN THE OLD OWNERSHIP, who just paid me millions of Dollars for FAKE REPORTING about your favorite President, ME! Since they bought it, 60 Minutes has actually gotten WORSE! Oh well, far worse things can happen. P.S. I hereby demand a complete and total APOLOGY, though far too late to be meaningful, from Lesley Stahl and 60 Minutes for her incorrect and Libelous statements about Hunter's Laptop!!! President DJT",0.6932477951049805,,,,
46,2025-06-24 15:17:31.025000+00:00,1,"Both Israel and Iran wanted to stop the War, equally! It was my great honor to Destroy All Nuclear facilities & capability, and then, STOP THE WAR!",0.4453693628311157,,,,
62,2025-07-19 13:02:44.562000+00:00,1,"All three nuclear sites in Iran were completely destroyed and/or OBLITERATED. It would take years to bring them back into service and, if Iran wanted to do so, they would be much better off starting anew, in three different locations, prior to those sites being obliterated, should they decide to do so. Thank you for your attention to this matter!",0.39203566312789917,,,,
140,2026-03-19 02:40:48.946000+00:00,1,Graham tears into European allies over Strait of Hormuz reluctance: thehill.com/homenews/senate/57,0.652050793170929,,,,
40,2025-06-23 13:41:19.765000+00:00,1,"GET THIS ""BUM"" OUT OF OFFICE, ASAP!!! ·June 22 Congressman Thomas Massie of Kentucky is not MAGA, even though he likes to say he is. Actually, MAGA doesn't want him, doesn't know him, and doesn't respect him. He is a negative force who almost always Votes ""NO,"" no matter how good something may be. He's a simple minded ""grandstander"" who thinks it's good politics for Iran to have the highest level Nuclear weapon, while at the same time yelling ""DEATH TO AMERICA"" at every chance they get. Iran has killed and maimed thousands of Americans, and even took over the American Embassy in Tehran under the Carter Administration. We had a spectacular military success yesterday, taking the ""bomb"" right out of their hands (and they would use it if they could!) but, as usual, and despite all of the praise and accolades received, this ""lightweight"" Congressman is against what was so brilliantly achieved last night in Iran. Massie is weak, ineffective, and votes ""NO"" on virtually everything put before him (Rand Paul, Jr.), no matter how good something may be. He is disrespectful to our great military, and all that they stand for, not even acknowledging their brilliance and bravery in yesterday's attack, which was a total and complete WIN. Massie should drop his fake act and start putting America First, but he doesn't know how to get there — he doesn't have a clue! He'll undoubtedly vote against the Great, Big, Beautiful Bill, even though non-passage means a 68% Tax Increase for everybody, and many things far worse than that. MAGA should drop this pathetic LOSER, Tom Massie, like the plague! The good news is that we will have a wonderful American Patriot running against him in the Republican Primary, and I'll be out in Kentucky campaigning really hard. MAGA is not about lazy, grandstanding, nonproductive politicians, of which Thomas Massie is definitely one. Thank you to our incredible military for the AMAZING job they did last night. It was really SPECIAL!!! MAKE AMERICA GREAT AGAIN.",0.05087554454803467,,,,
43,2025-06-23 19:52:58.119000+00:00,1,"Iran has officially responded to our Obliteration of their Nuclear Facilities with a very weak response, which we expected, and have very effectively countered. There have been 14 missiles fired — 13 were knocked down, and 1 was ""set free,"" because it was headed in a nonthreatening direction. I am pleased to report that NO Americans were harmed, and hardly any damage was done. Most importantly, they've gotten it all out of their ""system,"" and there will, hopefully, be no further HATE. I want to thank Iran for giving us early notice, which made it possible for no lives to be lost, and nobody to be injured. Perhaps Iran can now proceed to Peace and Harmony in the Region, and I will enthusiastically encourage Israel to do the same. Thank you for your attention to this matter!DONALD J. TRUMP, PRESIDENT OF THE UNITED STATES OF AMERICA",0.23698139190673828,,,,
