post_id,data_pagina,ora_pagina_pacific,testo,url,timestamp_utc,sequenza,ora_da_id_pacific,data_da_id_pacific,scarto_minuti,verificato
113794310597997768,2025-01-08,08:40,"Governor Gavin Newscum refused to sign the water restoration declaration put before him that would have allowed millions of gallons of water, from excess rain and snow melt from the North, to flow daily into many parts of California, including the areas that are currently burning in a virtually apocalyptic way. He wanted to protect an essentially worthless fish called a smelt, by giving it less water (it didn’t work!), but didn’t care about the people of California. Now the ultimate price is being paid. I will demand that this incompetent governor allow beautiful, clean, fresh water to FLOW INTO CALIFORNIA! He is the blame for this. On top of it all, no water for fire hydrants, not firefighting planes. A true disaster!",https://truthsocial.com/@realDonaldTrump/posts/113794310597997768,2025-01-08 19:09:41.927000+00:00,29896,11:09,2025-01-08,149.0,False
114104687765298529,2025-03-04,06:32,"Canada doesn't allow American Banks to do business in Canada, but their banks flood the American Market. Oh, that seems fair to me, doesn't it?",https://truthsocial.com/@realDonaldTrump/posts/114104687765298529,2025-03-04 14:42:41.653000+00:00,7521,06:42,2025-03-04,10.0,False
114410073592204291,2025-04-27,05:57,"JUST RELEASED: 99.9% at the Border. Best number ever recorded. 3 people got in, versus hundreds of thousands in last Administration. There has NEVER been such a difference before. Congratulations America! https://truthsocial.com/@realDonaldTrump April 27, 2025 06:06 When Tariffs cut in, many people's Income Taxes will be substantially reduced, maybe even completely eliminated. Focus will be on people making less than $200,000 a year. Also, massive numbers of jobs are already being created, with new plants and factories currently being built or planned. It will be a BONANZA FOR AMERICA!!! THE EXTERNAL REVENUE SERVICE IS HAPPENING!!!",https://truthsocial.com/@realDonaldTrump/posts/114410073592204291,2025-04-27 13:06:19.568000+00:00,35843,06:06,2025-04-27,9.0,False
114499337476531986,2025-05-13,12:27,Just landed in Saudi Arabia!,https://truthsocial.com/@realDonaldTrump/posts/114499337476531986,2025-05-13 07:27:18.350000+00:00,26386,00:27,2025-05-13,720.0,False
114746066225069169,2025-06-25,12:13,"I have an idea for the Democrats to bring them back into ""play."" After years of being left out in the cold, including suffering one of the Greatest Losses in History, the 2024 Presidential Election, the Democrats should nominate Low IQ Candidate, Jasmine Crockett, for President, and AOC+3 should be, respectively, Vice President, and three High Level Members of the Cabinet – Added together with our future Communist Mayor of New York City, Zohran Mamdani, and our Country is really SCREWED! https://truthsocial.com/@realDonaldTrump/114745592965123786 June 25, 2025 14:13 Secretary of Defense (War!) Pete Hegseth, together with Military Representatives, will be holding a Major News Conference tomorrow morning at 8 A.M. EST at The Pentagon, in order to fight for the Dignity of our Great American Pilots. These Patriots were very upset! After 36 hours of dangerously flying through Enemy Territory, they landed, they knew the Success was LEGENDARY, and then, two days later, they started reading Fake News by CNN and The Failing New York Times. They felt terribly! Fortunately for them and, as usual, solely for the purpose of demeaning PRESIDENT DONALD J. TRUMP, the Fake News (Times and CNN) lied and totally misrepresented the Facts, none of which they had (because it was too soon, there were no Facts out there yet!). The News Conference will prove both interesting and irrefutable. Enjoy!",https://truthsocial.com/@realDonaldTrump/posts/114746066225069169,2025-06-25 21:13:40.279000+00:00,64625,14:13,2025-06-25,120.0,False
114750055630968441,2025-06-26,06:42,"youtube.com/live/1_A-VBixOQk?s www.youtube.com LIVE: Defense Secretary Pete Hegseth Holds a Major Press Conference - 6/26/25 Defense Secretary Pete Hegseth will hold a major press conference as announced by President Trump on Truth Social.Watch LIVE on RSBN starting at 7:45 am EDT ... https://truthsocial.com/@realDonaldTrump/114749953886790178 June 26, 2025 07:08 FAKE NEWS REPORTERS FROM CNN & THE NEW YORK TIMES SHOULD BE FIRED, IMMEDIATELY!!! BAD PEOPLE WITH EVIL INTENTIONS!!!",https://truthsocial.com/@realDonaldTrump/posts/114750055630968441,2025-06-26 14:08:13.783000+00:00,5753,07:08,2025-06-26,26.0,False
114751173173020083,2025-06-26,11:16,"thestreet.com/economy/fannie-m https://truthsocial.com/@realDonaldTrump/114751031072163591 June 26, 2025 11:52 The Democrats are the ones who leaked the information on the PERFECT FLIGHT to the Nuclear Sites in Iran. They should be prosecuted!",https://truthsocial.com/@realDonaldTrump/posts/114751173173020083,2025-06-26 18:52:26.121000+00:00,34227,11:52,2025-06-26,36.0,False
114777786069997459,2025-07-01,06:20,"""The One Big Beautiful Bill Slashes Deficits, National Debt While Unleashing Economic Growth"" whitehouse.gov/fact-sheets/202 Jul 01, 2025, 4:40 AM",https://truthsocial.com/@realDonaldTrump/posts/114777786069997459,2025-07-01 11:40:26.702000+00:00,55187,04:40,2025-07-01,100.0,False
114778179254626579,2025-07-01,,https://1a-1791.com/video/fww1/e4/s8/2/J/Q/p/Y/JQpYy.caa.mp4?b=1&u=ummtf,https://truthsocial.com/@realDonaldTrump/posts/114778179254626579,2025-07-01 13:20:26.224000+00:00,10515,06:20,2025-07-01,,False
114814343031924346,2025-07-07,15:57,,https://truthsocial.com/@realDonaldTrump/posts/114814343031924346,2025-07-07 22:37:21.673000+00:00,42618,15:37,2025-07-07,20.0,False
114854251111136308,2025-07-14,04:46,"The United States Supreme Court has handed a Major Victory to Parents and Students across the Country, by declaring the Trump Administration may proceed on returning the functions of the Department of Education BACK TO THE STATES. Now, with this GREAT Supreme Court Decision, our Secretary of Education, Linda McMahon, may begin this very important process. The Federal Government has been running our Education System into the ground, but we are going to turn it all around by giving the Power back to the PEOPLE. America’s Students will be the best, brightest, and most Highly Educated anywhere in the World. Thank you to the United States Supreme Court!",https://truthsocial.com/@realDonaldTrump/posts/114854251111136308,2025-07-14 23:46:30.636000+00:00,15412,16:46,2025-07-14,720.0,False
115041695270508991,2025-08-16,19:21,"Victor Davis Hanson: ""Donald Trump broke the Democratic Party—and he exposed it for what it was…"" https://1a-1791.com/video/fww1/29/s8/2/-/Q/Z/_/-QZ_y.caa.mp4?b=1&u=ummtf",https://truthsocial.com/@realDonaldTrump/posts/115041695270508991,2025-08-17 02:16:01.525000+00:00,6591,19:16,2025-08-16,5.0,False
115207991871277413,2025-09-15,07:07,"Governor Kathy Hochul of New York has Endorsed the ""Liddle' Communist,"" Zohran Mamdani, running for Mayor of New York. This is a rather shocking development, and a very bad one for New York City. How can such a thing happen? Washington will be watching this situation very closely. No reason to be sending good money after bad! President DJT",https://truthsocial.com/@realDonaldTrump/posts/115207991871277413,2025-09-15 11:07:26.278000+00:00,2405,04:07,2025-09-15,180.0,False
115208143657180249,2025-09-15,07:46,"The NFL has to get rid of that ridiculous looking new Kickoff Rule. How can they make such a big and sweeping change so easily and quickly. It's at least as dangerous as the ""normal"" kickoff, and looks like hell. The ball is moving, and the players are not, the exact opposite of what football is all about. ""Sissy"" football is bad for America, and bad for the NFL! Who comes up with these ridiculous ideas? It's like wanting to ""roll back"" the golf ball so it doesn't go (nearly!) as far. Fortunately, college football will remain the same, hopefully forever!!",https://truthsocial.com/@realDonaldTrump/posts/115208143657180249,2025-09-15 11:46:02.347000+00:00,7257,04:46,2025-09-15,180.0,False
115208219886830624,2025-09-15,08:05,"Subject to SEC Approval, Companies and Corporations should no longer be forced to ""Report"" on a quarterly basis (Quarterly Reporting!), but rather to Report on a ""Six (6) Month Basis."" This will save money, and allow managers to focus on properly running their companies. Did you ever hear the statement that, ""China has a 50 to 100 year view on management of a company, whereas we run our companies on a quarterly basis???"" Not good!!!",https://truthsocial.com/@realDonaldTrump/posts/115208219886830624,2025-09-15 12:05:25.519000+00:00,17440,05:05,2025-09-15,180.0,False
115208260926006345,2025-09-15,08:15,"The big Trade Meeting in Europe between The United States of America, and China, has gone VERY WELL! It will be concluding shortly. A deal was also reached on a ""certain"" company that young people in our Country very much wanted to save. They will be very happy! I will be speaking to President Xi on Friday. The relationship remains a very strong one!!! President DJT",https://truthsocial.com/@realDonaldTrump/posts/115208260926006345,2025-09-15 12:15:51.727000+00:00,25673,05:15,2025-09-15,180.0,False
115208353139528932,2025-09-15,08:39,"""Too Late"" MUST CUT INTEREST RATES, NOW, AND BIGGER THAN HE HAD IN MIND. HOUSING WILL SOAR!!! President DJT",https://truthsocial.com/@realDonaldTrump/posts/115208353139528932,2025-09-15 12:39:18.794000+00:00,5348,05:39,2025-09-15,180.0,False
115208428190944040,2025-09-15,08:58,https://truthsocial.com/@realDonaldTrump/115206570863756188,https://truthsocial.com/@realDonaldTrump/posts/115208428190944040,2025-09-15 12:58:23.987000+00:00,52008,05:58,2025-09-15,180.0,False
115209308362990527,2025-09-15,12:42,"MY son Eric's just out book, ""UNDER SIEGE,"" immediately went to NUMBER ONE on Amazon. Great going Eric, you deserve it!!! a.co/d/7oPyLF5",https://truthsocial.com/@realDonaldTrump/posts/115209308362990527,2025-09-15 16:42:14.347000+00:00,25535,09:42,2025-09-15,180.0,False
115209549037822166,2025-09-15,13:43,"Congressional Republicans, including Leader John Thune and Speaker Mike Johnson, are working on a short term ""CLEAN"" extension of Government Funding to stop Cryin' Chuck Schumer from shutting down the Government. In times like these, Republicans have to stick TOGETHER to fight back against the Radical Left Democrat demands, and vote ""YES!"" on both Votes needed to pass a Clean CR this week out of the House of Representatives. Democrats want the Government to shut down. Republicans want the Government to OPEN. Democrats love CRIME, Republicans make our Country SAFE — WE HATE CRIME. FAILURE IS NOT AN OPTION. Thank you for your attention to this matter! President DJTVideo -- https://1a-1791.com/video/fww1/c3/s8/2/Q/j/k/i/Qjkiz.caa.mp4?b=1&u=ummtf",https://truthsocial.com/@realDonaldTrump/posts/115209549037822166,2025-09-15 17:43:26.753000+00:00,57558,10:43,2025-09-15,180.0,False
115210075167747572,2025-09-15,15:57,"This morning, on my Orders, U.S. Military Forces conducted a SECOND Kinetic Strike against positively identified, extraordinarily violent drug trafficking cartels and narcoterrorists in the SOUTHCOM area of responsibility. The Strike occurred while these confirmed narcoterrorists from Venezuela were in International Waters transporting illegal narcotics (A DEADLY WEAPON POISONING AMERICANS!) headed to the U.S. These extremely violent drug trafficking cartels POSE A THREAT to U.S. National Security, Foreign Policy, and vital U.S. Interests. The Strike resulted in 3 male terrorists killed in action. No U.S. Forces were harmed in this Strike. BE WARNED — IF YOU ARE TRANSPORTING DRUGS THAT CAN KILL AMERICANS, WE ARE HUNTING YOU! The illicit activities by these cartels have wrought DEVASTATING CONSEQUENCES ON AMERICAN COMMUNITIES FOR DECADES, killing millions of American Citizens. NO LONGER. Thank you for your attention to this matter!!!Video -- https://1a-1791.com/video/fww1/b5/s8/2/q/D/m/i/qDmiz.caa.mp4?b=1&u=ummtf",https://truthsocial.com/@realDonaldTrump/posts/115210075167747572,2025-09-15 19:57:14.859000+00:00,28148,12:57,2025-09-15,180.0,False
115210251262068973,2025-09-15,16:42,"I have just read a News Report that Hamas has moved the hostages above ground to use them as human shields against Israel's ground offensive. I hope the Leaders of Hamas know what they're getting into if they do such a thing. This is a human atrocity, the likes of which few people have ever seen before. Don't let this happen or, ALL ""BETS"" ARE OFF. RELEASE ALL HOSTAGES NOW!",https://truthsocial.com/@realDonaldTrump/posts/115210251262068973,2025-09-15 20:42:01.845000+00:00,35053,13:42,2025-09-15,180.0,False
115210542156462323,2025-09-15,17:56,"Today, at the request of Governor Bill Lee of Tennessee, I signed a Presidential Memorandum to establish the Memphis Safe Task Force… Memorandum: whitehouse.gov/presidential-ac Video -- https://1a-1791.com/video/fww1/75/s8/2/m/x/o/i/mxoiz.caa.mp4?b=1&u=ummtf",https://truthsocial.com/@realDonaldTrump/posts/115210542156462323,2025-09-15 21:56:00.541000+00:00,47347,14:56,2025-09-15,180.0,False
115211918198289404,2025-09-15,23:45,"Today, I have the Great Honor of bringing a $15 Billion Dollar Defamation and Libel Lawsuit against The New York Times, one of the worst and most degenerate newspapers in the History of our Country, becoming a virtual ""mouthpiece"" for the Radical Left Democrat Party. I view it as the single largest illegal Campaign contribution, EVER. Their Endorsement of Kamala Harris was actually put dead center on the front page of The New York Times, something heretofore UNHEARD OF! The ""Times"" has engaged in a decades long method of lying about your Favorite President (ME!), my family, business, the America First Movement, MAGA, and our Nation as a whole. I am PROUD to hold this once respected ""rag"" responsible, as we are doing with the Fake News Networks such as our successful litigation against George Slopadopoulos/ABC/Disney, and 60 Minutes/CBS/Paramount, who knew that they were falsely ""smearing"" me through a highly sophisticated system of document and visual alteration, which was, in effect, a malicious form of defamation, and thus, settled for record amounts. They practiced this longterm INTENT and pattern of abuse, which is both unacceptable and illegal. The New York Times has been allowed to freely lie, smear, and defame me for far too long, and that stops, NOW! The suit is being brought in the Great State of Florida. Thank you for your attention to this matter. MAKE AMERICA GREAT AGAIN!",https://truthsocial.com/@realDonaldTrump/posts/115211918198289404,2025-09-16 03:45:57.273000+00:00,46076,20:45,2025-09-15,180.0,False
115214478126238663,2025-09-16,10:36,washingtonexaminer.com/opinion,https://truthsocial.com/@realDonaldTrump/posts/115214478126238663,2025-09-16 14:36:58.674000+00:00,19399,07:36,2025-09-16,180.0,False
115214577541944786,2025-09-16,11:02,,https://truthsocial.com/@realDonaldTrump/posts/115214577541944786,2025-09-16 15:02:15.637000+00:00,38354,08:02,2025-09-16,180.0,False
115214580045356929,2025-09-16,11:02,,https://truthsocial.com/@realDonaldTrump/posts/115214580045356929,2025-09-16 15:02:53.836000+00:00,40833,08:02,2025-09-16,180.0,False
115214582518088835,2025-09-16,11:03,,https://truthsocial.com/@realDonaldTrump/posts/115214582518088835,2025-09-16 15:03:31.567000+00:00,33923,08:03,2025-09-16,180.0,False
115214584219779071,2025-09-16,11:03,,https://truthsocial.com/@realDonaldTrump/posts/115214584219779071,2025-09-16 15:03:57.533000+00:00,16383,08:03,2025-09-16,180.0,False
115214585467068233,2025-09-16,11:04,,https://truthsocial.com/@realDonaldTrump/posts/115214585467068233,2025-09-16 15:04:16.565000+00:00,24393,08:04,2025-09-16,180.0,False
115214597844491830,2025-09-16,11:07,,https://truthsocial.com/@realDonaldTrump/posts/115214597844491830,2025-09-16 15:07:25.429000+00:00,56886,08:07,2025-09-16,180.0,False
115214598414061328,2025-09-16,11:07,,https://truthsocial.com/@realDonaldTrump/posts/115214598414061328,2025-09-16 15:07:34.120000+00:00,53008,08:07,2025-09-16,180.0,False
115214606264586178,2025-09-16,11:09,"""Trump's Man With a Plan in Hollywood Opens Up"" hollywoodreporter.com/business",https://truthsocial.com/@realDonaldTrump/posts/115214606264586178,2025-09-16 15:09:33.910000+00:00,20418,08:09,2025-09-16,180.0,False
115214607525114929,2025-09-16,11:09,foxnews.com/sports/aaron-boone,https://truthsocial.com/@realDonaldTrump/posts/115214607525114929,2025-09-16 15:09:53.144000+00:00,29745,08:09,2025-09-16,180.0,False
115214608738832255,2025-09-16,11:10,dailywire.com/news/noem-cuts-3,https://truthsocial.com/@realDonaldTrump/posts/115214608738832255,2025-09-16 15:10:11.664000+00:00,20351,08:10,2025-09-16,180.0,False
115214611639210222,2025-09-16,11:10,wsj.com/opinion/europe-has-bee,https://truthsocial.com/@realDonaldTrump/posts/115214611639210222,2025-09-16 15:10:55.920000+00:00,37102,08:10,2025-09-16,180.0,False
115214614413271972,2025-09-16,11:11,abcnews.go.com/US/michigan-jud,https://truthsocial.com/@realDonaldTrump/posts/115214614413271972,2025-09-16 15:11:38.249000+00:00,25508,08:11,2025-09-16,180.0,False
115214615299175020,2025-09-16,11:11,breitbart.com/politics/2025/09,https://truthsocial.com/@realDonaldTrump/posts/115214615299175020,2025-09-16 15:11:51.767000+00:00,12908,08:11,2025-09-16,180.0,False
115214617777906734,2025-09-16,11:12,axios.com/2025/08/08/trump-pri,https://truthsocial.com/@realDonaldTrump/posts/115214617777906734,2025-09-16 15:12:29.589000+00:00,42030,08:12,2025-09-16,180.0,False
115214618898446937,2025-09-16,11:12,dailymail.co.uk/news/article-1,https://truthsocial.com/@realDonaldTrump/posts/115214618898446937,2025-09-16 15:12:46.687000+00:00,47705,08:12,2025-09-16,180.0,False
115214622379049350,2025-09-16,11:13,wsj.com/economy/trade/tariff-c,https://truthsocial.com/@realDonaldTrump/posts/115214622379049350,2025-09-16 15:13:39.797000+00:00,33158,08:13,2025-09-16,180.0,False
115214623618057198,2025-09-16,11:13,justthenews.com/accountability,https://truthsocial.com/@realDonaldTrump/posts/115214623618057198,2025-09-16 15:13:58.703000+00:00,17390,08:13,2025-09-16,180.0,False
115214626521204183,2025-09-16,11:14,timesofisrael.com/liveblog_ent,https://truthsocial.com/@realDonaldTrump/posts/115214626521204183,2025-09-16 15:14:43.001000+00:00,50647,08:14,2025-09-16,180.0,False
115214627673767594,2025-09-16,11:15,telegraph.co.uk/world-news/202,https://truthsocial.com/@realDonaldTrump/posts/115214627673767594,2025-09-16 15:15:00.588000+00:00,32426,08:15,2025-09-16,180.0,False
115215002390997746,2025-09-16,12:50,,https://truthsocial.com/@realDonaldTrump/posts/115215002390997746,2025-09-16 16:50:18.319000+00:00,43762,09:50,2025-09-16,180.0,False
115215003015653168,2025-09-16,12:50,,https://truthsocial.com/@realDonaldTrump/posts/115215003015653168,2025-09-16 16:50:27.851000+00:00,10032,09:50,2025-09-16,180.0,False
115215261916717696,2025-09-16,13:56,"The Republicans are going to do a Midterm Convention in order to show the great things we have done since the Presidential Election of 2024. Time and place to be determined. Stay tuned, it will be quite the Event, and very exciting! President DJT",https://truthsocial.com/@realDonaldTrump/posts/115215261916717696,2025-09-16 17:56:18.367000+00:00,57984,10:56,2025-09-16,180.0,False
115215278610415981,2025-09-16,14:00,"Just had a wonderful phone call with my friend, Prime Minister Narendra Modi. I wished him a very Happy Birthday! He is doing a tremendous job. Narendra: Thank you for your support on ending the War between Russia and Ukraine! President DJT",https://truthsocial.com/@realDonaldTrump/posts/115215278610415981,2025-09-16 18:00:33.093000+00:00,33133,11:00,2025-09-16,180.0,False
115215411190625427,2025-09-16,14:34,,https://truthsocial.com/@realDonaldTrump/posts/115215411190625427,2025-09-16 18:34:16.106000+00:00,62611,11:34,2025-09-16,180.0,False
115215419860494912,2025-09-16,14:36,"Shockingly, I have just learned, that Gavin Newscum, the Governor of California, is in final stages of approval to build Low Income Housing in Pacific Palisades. How unfair is that to the people that have suffered so much! Newscum allowed their houses to burn by not accepting Hundreds of Millions of Gallons of Water from the Pacific Northwest, and now, the Low Income Housing starts rising long before he gets Permits for California Citizens to rebuild, but long after the Federal Permits were issued. Lee Zeldin, EPA Administrator, and I, as President, have done the job, and produced all Permits long before anybody expected that to happen. Unfortunately, the Governor of California and Mayor Karen Bass failed you. Gavin Newscum's plan to build Low Income Housing (at the Super Luxury Pacific Palisades Fire Site) is what caused the destruction of the Late, Great New York City Mayor John Lindsay's Political Career — and John Lindsay was a Republican.",https://truthsocial.com/@realDonaldTrump/posts/115215419860494912,2025-09-16 18:36:28.398000+00:00,43584,11:36,2025-09-16,180.0,False
115215531079925851,2025-09-16,15:04,"Such an Honor to have helped settle the War with Azerbaijan and Armenia and, at the same time, become friends with these two Great Leaders and Men, President Ilham Aliyev and Prime Minister Nikol Pashinyan. It will be an everlasting friendship for me but, more importantly, for the United States of America!",https://truthsocial.com/@realDonaldTrump/posts/115215531079925851,2025-09-16 19:04:45.472000+00:00,32859,12:04,2025-09-16,180.0,False
115215588649960500,2025-09-16,15:19,"BREAKING NEWS! In a Big WIN for Justice and Law in Georgia, the Georgia Supreme Court just ruled that District Attorney Fani Willis and her ""team"" of Weaponized Prosecutors are DISQUALIFIED, once and for all, from the Fake Witch Hunt against me, and many other Great American Patriots, people that were treated so unfairly, and indeed, viciously. Willis and her lover, Nathan Wade, who she hired even though he was completely unqualified and had never prosecuted such a case before, blatantly lied, under oath, about their torrid ""love"" affair, the ridiculous amounts of money she paid him, their Caribbean vacations together, her clear Campaign Finance violations, unlawfully taking money from the honest Taxpayers of Georgia, and, most importantly, about their obsession with doing anything and everything they can to ""GET TRUMP,"" which included destroying the lives of many other people. Just like the purely political, lawless, and dismissed Witch Hunts brought through the Biden White House by Deranged Jack Smith, and others, this Unconstitutional Georgia Hoax, together with the remaining Shams in New York, should now be dead for good. The Prosecutorial Weaponization of DONALD J. TRUMP had no limits. They went after their Political Opponent at levels never seen before, and LOST. They are now CRIMINALS who will hopefully pay serious consequences for their illegal actions. Our Country was dead a year ago, in large part because of the illegal Weaponization of the American Justice System by the Radical Left Democrats. As we end illegal Political Lawfare, the U.S.A. is BACK now, bigger and better than ever before. MAKE AMERICA GREAT AGAIN! President DJT",https://truthsocial.com/@realDonaldTrump/posts/115215588649960500,2025-09-16 19:19:23.921000+00:00,33844,12:19,2025-09-16,180.0,False
115215935113008933,2025-09-16,16:47,No place like the White House!,https://truthsocial.com/@realDonaldTrump/posts/115215935113008933,2025-09-16 20:47:30.528000+00:00,5925,13:47,2025-09-16,180.0,False
115216083800208232,2025-09-16,17:25,Video -- https://1a-1791.com/video/fww1/a8/s8/2/q/f/I/i/qfIiz.caa.mp4?b=1&u=ummtf,https://truthsocial.com/@realDonaldTrump/posts/115216083800208232,2025-09-16 21:25:19.314000+00:00,45928,14:25,2025-09-16,180.0,False
115216351604644170,2025-09-16,18:33,nypost.com/2025/09/16/us-news/,https://truthsocial.com/@realDonaldTrump/posts/115216351604644170,2025-09-16 22:33:25.686000+00:00,6474,15:33,2025-09-16,180.0,False
115216434940272027,2025-09-16,18:54,"I am getting amazing feedback on my Lawsuit against The New York Times. The predominant feeling and sentiment is, ""IT'S ABOUT TIME!"" The case was filed in the Great State of Florida! The Radical Left Media is working hard to destroy the U.S.A. We are going to stop them at each and every level!!! President DJT",https://truthsocial.com/@realDonaldTrump/posts/115216434940272027,2025-09-16 22:54:37.286000+00:00,56731,15:54,2025-09-16,180.0,False
115216445416479469,2025-09-16,18:57,"truthsocial.com/@realDonaldTru TTHANK YOU, LEO!",https://truthsocial.com/@realDonaldTrump/posts/115216445416479469,2025-09-16 22:57:17.141000+00:00,6893,15:57,2025-09-16,180.0,False
115216456375834971,2025-09-16,19:00,truthsocial.com/@PressSec/1152,https://truthsocial.com/@realDonaldTrump/posts/115216456375834971,2025-09-16 23:00:04.367000+00:00,39259,16:00,2025-09-16,180.0,False
115216462883434045,2025-09-16,19:01,truthsocial.com/@PressSec/1152,https://truthsocial.com/@realDonaldTrump/posts/115216462883434045,2025-09-16 23:01:43.665000+00:00,44605,16:01,2025-09-16,180.0,False
115216465885487095,2025-09-16,19:02,truthsocial.com/@PressSec/1152,https://truthsocial.com/@realDonaldTrump/posts/115216465885487095,2025-09-16 23:02:29.473000+00:00,24567,16:02,2025-09-16,180.0,False
115216471857965166,2025-09-16,19:04,truthsocial.com/@PressSec/1152,https://truthsocial.com/@realDonaldTrump/posts/115216471857965166,2025-09-16 23:04:00.606000+00:00,10350,16:04,2025-09-16,180.0,False
115216473023573231,2025-09-16,19:04,truthsocial.com/@PressSec/1152,https://truthsocial.com/@realDonaldTrump/posts/115216473023573231,2025-09-16 23:04:18.391000+00:00,60655,16:04,2025-09-16,180.0,False
115216483691167608,2025-09-16,19:07,truthsocial.com/@PressSec/1152,https://truthsocial.com/@realDonaldTrump/posts/115216483691167608,2025-09-16 23:07:01.166000+00:00,32632,16:07,2025-09-16,180.0,False
115216485737053030,2025-09-16,19:07,truthsocial.com/@PressSec/1152,https://truthsocial.com/@realDonaldTrump/posts/115216485737053030,2025-09-16 23:07:32.384000+00:00,15206,16:07,2025-09-16,180.0,False
115216489497370449,2025-09-16,19:08,truthsocial.com/@PressSec/1152,https://truthsocial.com/@realDonaldTrump/posts/115216489497370449,2025-09-16 23:08:29.762000+00:00,8017,16:08,2025-09-16,180.0,False
115216612718850378,2025-09-16,19:39,"""KATIE MILLER REACTS TO LEFTIST PROTESTS…""Video -- https://1a-1791.com/video/fww1/a0/s8/2/u/u/K/i/uuKiz.caa.mp4?b=1&u=ummtf",https://truthsocial.com/@realDonaldTrump/posts/115216612718850378,2025-09-16 23:39:49.972000+00:00,45386,16:39,2025-09-16,180.0,False
115216753072485579,2025-09-16,20:15,thehindu.com/news/national/us-,https://truthsocial.com/@realDonaldTrump/posts/115216753072485579,2025-09-17 00:15:31.599000+00:00,13515,17:15,2025-09-16,180.0,False
115217102705613912,2025-09-16,21:44,Video -- https://1a-1791.com/video/fww1/bb/s8/2/u/p/M/i/upMiz.caa.mp4?b=1&u=ummtf,https://truthsocial.com/@realDonaldTrump/posts/115217102705613912,2025-09-17 01:44:26.577000+00:00,23640,18:44,2025-09-16,180.0,False
115217256645822887,2025-09-16,22:23,"Why was the wonderful Turning Point under INVESTIGATION by ""Deranged"" Jack Smith and the Corrupt & Incompetent Biden Administration. They tried to force Charlie, and many other people and movements, out of business. They Weaponized the Justice Department against Sleepy Joe Biden's Political Opponents, including ME! They allowed the daughter of a Judge, on one of the corrupt trials against me, to become the biggest fund raiser for Biden and Kamala, making many Millions of Dollars for herself and her family, but with her father, the Judge, not only refusing to RECUSE himself, but putting a gag order on me, not allowing ANY talk about their family corruption and unprecedented conflict of interest. Every leading legal analyst and pundit said this trial was wrong and should not have been allowed to go forward. But it did because of a Corrupt Judge who will hopefully pay a very big price for his illegal actions, someday!",https://truthsocial.com/@realDonaldTrump/posts/115217256645822887,2025-09-17 02:23:35.518000+00:00,35239,19:23,2025-09-16,180.0,False
115222372625104790,2025-09-17,20:04,"Great News for America: The ratings challenged Jimmy Kimmel Show is CANCELLED. Congratulations to ABC for finally having the courage to do what had to be done. Kimmel has ZERO talent, and worse ratings than even Colbert, if that's possible. That leaves Jimmy and Seth, two total losers, on Fake News NBC. Their ratings are also horrible. Do it NBC!!! President DJT",https://truthsocial.com/@realDonaldTrump/posts/115222372625104790,2025-09-18 00:04:39.167000+00:00,16278,17:04,2025-09-17,180.0,False
115222459539841970,2025-09-17,20:26,"I am pleased to inform our many U.S.A. Patriots that I am designating ANTIFA, A SICK, DANGEROUS, RADICAL LEFT DISASTER, AS A MAJOR TERRORIST ORGANIZATION. I will also be strongly recommending that those funding ANTIFA be thoroughly investigated in accordance with the highest legal standards and practices. Thank you for your attention to this matter!",https://truthsocial.com/@realDonaldTrump/posts/115222459539841970,2025-09-18 00:26:45.380000+00:00,58290,17:26,2025-09-17,180.0,False
115226746216038135,2025-09-18,14:36,,https://truthsocial.com/@realDonaldTrump/posts/115226746216038135,2025-09-18 18:36:54.868000+00:00,48887,11:36,2025-09-18,180.0,False
115227330235996125,2025-09-18,17:05,"TOMORROW, House Republicans are taking a very important Vote to pass a CLEAN TEMPORARY FUNDING BILL. The Leader of the Democrats, Cryin' Chuck Schumer, wants to shut the Government down. Republicans want the Government to stay open. Every House Republican should UNIFY, and VOTE YES!",https://truthsocial.com/@realDonaldTrump/posts/115227330235996125,2025-09-18 21:05:26.306000+00:00,6109,14:05,2025-09-18,180.0,False
115227391845966364,2025-09-18,17:21,"Jimmy Kimmel, just before announcement of the Best Picture of the Year, felt that he had to respond to a TRUTH put out by me toward the end of the Show. He made a total FOOL of himself, his wife and agent begging him not to do it, while also proving to be one of the Worst Hosts in the History of the Academy Awards. WATCH THE CLIP! Video -- https://1a-1791.com/video/fww1/82/s8/2/4/C/k/j/4Ckjz.caa.mp4?b=1&u=ummtf",https://truthsocial.com/@realDonaldTrump/posts/115227391845966364,2025-09-18 21:21:06.399000+00:00,41500,14:21,2025-09-18,180.0,False
115227402361307056,2025-09-18,17:23,"""Days before fatal Mag Mile crash-and-grab, accused man posed with governor at 'peacekeeper' event — while wanted in 4 states"" cwbchicago.com/2025/09/days-be",https://truthsocial.com/@realDonaldTrump/posts/115227402361307056,2025-09-18 21:23:46.850000+00:00,65456,14:23,2025-09-18,180.0,False
115227439432496065,2025-09-18,17:33,"From Great Republican Congressman Juan Ciscomani: ""Hello Mr. President - this is Juan Ciscomani from AZ-06. Love what you're doing oversees! Wanted to let you know that 19 years ago today, I became a US citizen. And today, I'm a US congressman. My story wouldn't be possible anywhere else in the world. I LOVE MY COUNTRY and am proud to be serving with you!🇺🇸""",https://truthsocial.com/@realDonaldTrump/posts/115227439432496065,2025-09-18 21:33:12.512000+00:00,29633,14:33,2025-09-18,180.0,False
115227465599554149,2025-09-18,17:39,thegatewaypundit.com/2025/09/a,https://truthsocial.com/@realDonaldTrump/posts/115227465599554149,2025-09-18 21:39:51.790000+00:00,4709,14:39,2025-09-18,180.0,False
115227570336805813,2025-09-18,18:06,Our Raid on Chicago Illegals??? MAKE CHICAGO GREAT AGAIN!Video -- https://1a-1791.com/video/fww1/d4/s8/2/q/m/l/j/qmljz.caa.mp4?b=1&u=ummtf,https://truthsocial.com/@realDonaldTrump/posts/115227570336805813,2025-09-18 22:06:29.953000+00:00,46005,15:06,2025-09-18,180.0,False
115227590551904968,2025-09-18,18:11,Does Ilhan Omar know these people? Are they from her wonderfully managed Home Country of Somalia?,https://truthsocial.com/@realDonaldTrump/posts/115227590551904968,2025-09-18 22:11:38.411000+00:00,41672,15:11,2025-09-18,180.0,False
115227870570776224,2025-09-18,19:22,"Ilhan Omar's Country of Somalia is plagued by a lack of central Government control, persistent Poverty, Hunger, Resurgent Terrorism, Piracy, decades of Civil War, Corruption, and pervasive Violence. 70% of the population lives in extreme Poverty, and widespread Food Insecurity. Somalia is consistently ranked among the World's Most Corrupt Countries, including Bribery, Embezzlement, and a Dysfunctional Government. All of this, and Ilhan Omar tells us how to run America! P.S. Wasn't she the one that married her brother in order to gain Citizenship??? What SCUM we have in our Country, telling us what to do, and how to do it. Thank you for your attention to this matter. MAKE AMERICA GREAT AGAIN!",https://truthsocial.com/@realDonaldTrump/posts/115227870570776224,2025-09-18 23:22:51.160000+00:00,34464,16:22,2025-09-18,180.0,False
115227872322760999,2025-09-18,19:23,"""On 27 August, the U.S. Military Academy at West Point reinstalled the nearly 20ft canvas portrait of Confederate General Robert E. Lee at the West Point Library on campus. The painting hung in the library for 70 years before it was ordered to be removed, as part of the Naming Commission in 2022 to take down items that commemorate or memorialize the Confederacy.""",https://truthsocial.com/@realDonaldTrump/posts/115227872322760999,2025-09-18 23:23:17.893000+00:00,45351,16:23,2025-09-18,180.0,False
115227959567944482,2025-09-18,19:45,,https://truthsocial.com/@realDonaldTrump/posts/115227959567944482,2025-09-18 23:45:29.149000+00:00,35618,16:45,2025-09-18,180.0,False
115228705834340561,2025-09-18,22:55,,https://truthsocial.com/@realDonaldTrump/posts/115228705834340561,2025-09-19 02:55:16.271000+00:00,4305,19:55,2025-09-18,180.0,False
115231649861246548,2025-09-19,11:23,"I just completed a very productive call with President Xi of China. We made progress on many very important issues including Trade, Fentanyl, the need to bring the War between Russia and Ukraine to an end, and the approval of the TikTok Deal. I also agreed with President Xi that we would meet at the APEC Summit in South Korea, that I would go to China in the early part of next year, and that President Xi would, likewise, come to the United States at an appropriate time. The call was a very good one, we will be speaking again by phone, appreciate the TikTok approval, and both look forward to meeting at APEC!",https://truthsocial.com/@realDonaldTrump/posts/115231649861246548,2025-09-19 15:23:58.556000+00:00,40532,08:23,2025-09-19,180.0,False
115232256964155055,2025-09-19,13:58,"I am pleased to host President Recep Tayyip Erdoğan, of Turkey, at the White House on September 25th. We are working on many Trade and Military Deals with the President, including the large scale purchase of Boeing aircraft, a major F-16 Deal, and a continuation of the F-35 talks, which we expect to conclude positively. President Erdoğan and I have always had a very good relationship. I look forward to seeing him on the 25th!",https://truthsocial.com/@realDonaldTrump/posts/115232256964155055,2025-09-19 17:58:22.211000+00:00,54959,10:58,2025-09-19,180.0,False
115233272162019294,2025-09-19,18:16,"Today we are proud to announce THE TRUMP GOLD CARD. The Card will be available for $1 Million Dollars for individuals, and $2 Million Dollars for Corporations. For far too long, we have had millions of Illegal Aliens pouring into our Country, and our Immigration System was broken. It is beyond time that the American People, and American Taxpayers, are benefitting from our LEGAL Immigration System. We anticipate THE TRUMP GOLD CARD will generate well over $100 Billion Dollars very quickly. This money will be used for reducing Taxes, Pro Growth Projects, and paying down our Debt. Buy THE TRUMP GOLD CARD now: trumpcard.gov/",https://truthsocial.com/@realDonaldTrump/posts/115233272162019294,2025-09-19 22:16:32.901000+00:00,59358,15:16,2025-09-19,180.0,False
115233273741566911,2025-09-19,18:16,"We passed the Continuing Resolution in the Republican House today, which was a very good thing because it shows that Republicans want to keep the Government open but, in the Senate, we have 53 Republicans, and we need 60 Votes. I want to thank Senator John Fetterman, a Democrat, for voting for us, but the Democrats want to shut the Country down. They want to open the Borders, they want us to stop fighting Crime (and, by the way, D.C. is finally SAFE!), they want men to play in women's sports, they want ""TRANSGENDER"" for everybody and, if they don't get them, they are not going to open the Government. Just today the House Democrats voted against condemning the political assassination of Charlie Kirk. Republicans won the Popular Vote, won all seven Swing States, won the Electoral College by a landslide, won most U.S. Counties in a landslide (2,600 to 525). Democrats must start respecting our Democracy, and the Will of the Voters!",https://truthsocial.com/@realDonaldTrump/posts/115233273741566911,2025-09-19 22:16:57.003000+00:00,58303,15:16,2025-09-19,180.0,False
115233283420996781,2025-09-19,18:19,Video -- https://1a-1791.com/video/fww1/60/s8/2/C/r/E/j/CrEjz.caa.mp4?b=1&u=ummtf,https://truthsocial.com/@realDonaldTrump/posts/115233283420996781,2025-09-19 22:19:24.700000+00:00,17581,15:19,2025-09-19,180.0,False
115233555445134712,2025-09-19,19:28,"On my Orders, the Secretary of War ordered a lethal kinetic strike on a vessel affiliated with a Designated Terrorist Organization conducting narcotrafficking in the USSOUTHCOM area of responsibility. Intelligence confirmed the vessel was trafficking illicit narcotics, and was transiting along a known narcotrafficking passage enroute to poison Americans. The strike killed 3 male narcoterrorists aboard the vessel, which was in international waters. No U.S. Forces were harmed in this strike. STOP SELLING FENTANYL, NARCOTICS, AND ILLEGAL DRUGS IN AMERICA, AND COMMITTING VIOLENCE AND TERRORISM AGAINST AMERICANS!!! Video -- https://1a-1791.com/video/fww1/c9/s8/2/Y/s/F/j/YsFjz.caa.mp4?b=1&u=ummtf",https://truthsocial.com/@realDonaldTrump/posts/115233555445134712,2025-09-19 23:28:35.459000+00:00,13688,16:28,2025-09-19,180.0,False
115233769686950290,2025-09-19,20:23,,https://truthsocial.com/@realDonaldTrump/posts/115233769686950290,2025-09-20 00:23:04.529000+00:00,57746,17:23,2025-09-19,180.0,False
115233821158063044,2025-09-19,20:36,"The Republican Party wants, very badly, a Convention for the 2026 Midterm Election. We will have one at the highest level. It will be both fun, and very productive. MAKE AMERICA GREAT AGAIN!",https://truthsocial.com/@realDonaldTrump/posts/115233821158063044,2025-09-20 00:36:09.916000+00:00,48068,17:36,2025-09-19,180.0,False
115233841743981161,2025-09-19,20:41,"Whatever happened to the very highly overrated David Letterman, whose ratings were never very good, either. He looks like hell, but at least he knew when to quit. LOSER!!!",https://truthsocial.com/@realDonaldTrump/posts/115233841743981161,2025-09-20 00:41:24.032000+00:00,60009,17:41,2025-09-19,180.0,False
115233858097105046,2025-09-19,20:45,MAKE AMERICA GREAT AGAIN!!!,https://truthsocial.com/@realDonaldTrump/posts/115233858097105046,2025-09-20 00:45:33.561000+00:00,51350,17:45,2025-09-19,180.0,False
115234469269682037,2025-09-19,23:20,Video -- https://1a-1791.com/video/fww1/b7/s8/2/C/y/I/j/CyIjz.caa.mp4?b=1&u=ummtf,https://truthsocial.com/@realDonaldTrump/posts/115234469269682037,2025-09-20 03:20:59.315000+00:00,14197,20:20,2025-09-19,180.0,False
115234485740385772,2025-09-19,23:25,,https://truthsocial.com/@realDonaldTrump/posts/115234485740385772,2025-09-20 03:25:10.638000+00:00,13804,20:25,2025-09-19,180.0,False
115234487807529598,2025-09-19,23:25,Video -- https://1a-1791.com/video/fww1/69/s8/2/k/C/I/j/kCIjz.caa.mp4?b=1&u=ummtf,https://truthsocial.com/@realDonaldTrump/posts/115234487807529598,2025-09-20 03:25:42.180000+00:00,21118,20:25,2025-09-19,180.0,False
115234490101726895,2025-09-19,23:26,Video -- https://1a-1791.com/video/fww1/1a/s8/2/G/C/I/j/GCIjz.caa.mp4?b=1&u=ummtf,https://truthsocial.com/@realDonaldTrump/posts/115234490101726895,2025-09-20 03:26:17.186000+00:00,65199,20:26,2025-09-19,180.0,False
115234681538876098,2025-09-20,00:14,"Today I withdrew the Nomination of Erik Siebert as U.S. Attorney for the Eastern District of Virginia, when I was informed that he received the UNUSUALLY STRONG support of the two absolutely terrible, sleazebag Democrat Senators, from the Great State of Virginia. He didn't quit, I fired him! Next time let him go in as a Democrat, not a Republican. Thank you for your attention to this matter. MAKE AMERICA GREAT AGAIN! President DJT",https://truthsocial.com/@realDonaldTrump/posts/115234681538876098,2025-09-20 04:14:58.286000+00:00,4802,21:14,2025-09-19,180.0,False
115236963558656289,2025-09-20,09:55,Video -- https://1a-1791.com/video/fww1/3d/s8/2/U/A/O/j/UAOjz.caa.mp4?b=1&u=ummtf,https://truthsocial.com/@realDonaldTrump/posts/115236963558656289,2025-09-20 13:55:19.144000+00:00,35105,06:55,2025-09-20,180.0,False
115237675581682288,2025-09-20,12:56,"We want Venezuela to immediately accept all of the prisoners, and people from mental institutions, which includes the Worst in the World Insane Asylums, that Venezuelan ""Leadership"" has forced into the United States of America. Thousands of people have been badly hurt, and even killed, by these ""Monsters."" GET THEM THE HELL OUT OF OUR COUNTRY, RIGHT NOW, OR THE PRICE YOU PAY WILL BE INCALCULABLE!",https://truthsocial.com/@realDonaldTrump/posts/115237675581682288,2025-09-20 16:56:23.753000+00:00,45680,09:56,2025-09-20,180.0,False
115238637490866159,2025-09-20,17:01,"Nicole Parker, former FBI, was great today on FoxNews. Thank you Nicole!!! President DJT",https://truthsocial.com/@realDonaldTrump/posts/115238637490866159,2025-09-20 21:01:01.323000+00:00,2031,14:01,2025-09-20,180.0,False
115238643698843681,2025-09-20,17:02,truthsocial.com/@PressSec/1152,https://truthsocial.com/@realDonaldTrump/posts/115238643698843681,2025-09-20 21:02:36.049000+00:00,16417,14:02,2025-09-20,180.0,False
115238645103601701,2025-09-20,17:02,truthsocial.com/users/TexasNan,https://truthsocial.com/@realDonaldTrump/posts/115238645103601701,2025-09-20 21:02:57.484000+00:00,10277,14:02,2025-09-20,180.0,False
115238666027134171,2025-09-20,17:08,truthsocial.com/users/WaltC3/s,https://truthsocial.com/@realDonaldTrump/posts/115238666027134171,2025-09-20 21:08:16.751000+00:00,60635,14:08,2025-09-20,180.0,False
115238668268936281,2025-09-20,17:08,truthsocial.com/users/archieka,https://truthsocial.com/@realDonaldTrump/posts/115238668268936281,2025-09-20 21:08:50.959000+00:00,7257,14:08,2025-09-20,180.0,False
115238670228621251,2025-09-20,17:09,truthsocial.com/users/Lucy03/s,https://truthsocial.com/@realDonaldTrump/posts/115238670228621251,2025-09-20 21:09:20.861000+00:00,34755,14:09,2025-09-20,180.0,False
115238677480908244,2025-09-20,17:11,truthsocial.com/users/EternalP,https://truthsocial.com/@realDonaldTrump/posts/115238677480908244,2025-09-20 21:11:11.522000+00:00,42452,14:11,2025-09-20,180.0,False
115238690602224300,2025-09-20,17:14,truthsocial.com/users/dshepbuy,https://truthsocial.com/@realDonaldTrump/posts/115238690602224300,2025-09-20 21:14:31.738000+00:00,2732,14:14,2025-09-20,180.0,False
115238691640411841,2025-09-20,17:14,truthsocial.com/users/rodneyGo,https://truthsocial.com/@realDonaldTrump/posts/115238691640411841,2025-09-20 21:14:47.579000+00:00,34497,14:14,2025-09-20,180.0,False
115238745589536576,2025-09-20,17:28,"If Afghanistan doesn't give Bagram Airbase back to those that built it, the United States of America, BAD THINGS ARE GOING TO HAPPEN!!! President DJT",https://truthsocial.com/@realDonaldTrump/posts/115238745589536576,2025-09-20 21:28:30.777000+00:00,55104,14:28,2025-09-20,180.0,False
115239012437859070,2025-09-20,18:36,"Just toured Washington, D.C., and it is a totally different place than it was last year. No tents, manicured grass and parks, clean streets, no gangs or vicious criminals — THE PLACE IS BEAUTIFUL AND SAFE, and it is going to remain that way! What a difference good government makes! Go to D.C. and enjoy history being made! President DJT",https://truthsocial.com/@realDonaldTrump/posts/115239012437859070,2025-09-20 22:36:22.560000+00:00,6910,15:36,2025-09-20,180.0,False
115239044263612470,2025-09-20,18:44,"JUSTICE MUST BE SERVED, NOW!!!",https://truthsocial.com/@realDonaldTrump/posts/115239044263612470,2025-09-20 22:44:28.182000+00:00,36918,15:44,2025-09-20,180.0,False
115239044548033727,2025-09-20,18:44,"Pam: I have reviewed over 30 statements and posts saying that, essentially, ""same old story as last time, all talk, no action. Nothing is being done. What about Comey, Adam ""Shifty"" Schiff, Leticia??? They're all guilty as hell, but nothing is going to be done."" Then we almost put in a Democrat supported U.S. Attorney, in Virginia, with a really bad Republican past. A Woke RINO, who was never going to do his job. That's why two of the worst Dem Senators PUSHED him so hard. He even lied to the media and said he quit, and that we had no case. No, I fired him, and there is a GREAT CASE, and many lawyers, and legal pundits, say so. Lindsey Halligan is a really good lawyer, and likes you, a lot. We can't delay any longer, it's killing our reputation and credibility. They impeached me twice, and indicted me (5 times!), OVER NOTHING. JUSTICE MUST BE SERVED, NOW!!! President DJT",https://truthsocial.com/@realDonaldTrump/posts/115239044548033727,2025-09-20 22:44:32.522000+00:00,31935,15:44,2025-09-20,180.0,False
115239306164275142,2025-09-20,19:51,"Pam Bondi is doing a GREAT job as Attorney General of the United States. She is very careful, very smart, loves our Country, but needs a tough prosecutor in the Eastern District of Virginia, like my recommendation, Lindsey Halligan, to get things moving. What we don't need is a Democrat Endorsed ""Republican."" I will be nominating Lindsey Halligan to be the United States Attorney in this very important part of our Great Country. She will be Fair, Smart, and will provide, desperately needed, JUSTICE FOR ALL!",https://truthsocial.com/@realDonaldTrump/posts/115239306164275142,2025-09-20 23:51:04.469000+00:00,34758,16:51,2025-09-20,180.0,False
115239776714791650,2025-09-20,21:50,"It is my honor to appoint Lindsey Halligan, who has been serving as Special Assistant to the President at the White House, as United States Attorney for the Eastern District of Virginia. Lindsey is a tough, smart, and loyal attorney, who has worked with me for a long time, including in the winning fight against the Weaponization of our Justice System by Crooked Joe Biden and the Radical Left Democrats, which she witnessed firsthand when she stood up for my rights during the Unconstitutional and UnAmerican raid on my home, Mar-a-Lago, in Palm Beach, Florida. As a Partner at the biggest Law Firm in Florida, Lindsey proved herself to be a tremendous trial lawyer, and later represented me (and WON!) in the disgraceful Democrat Documents Hoax, as well as MANY other major, high profile cases. She is extremely intelligent, fearless and, working with Attorney General Pam Bondi and Deputy Attorney General Todd Blanche, has the strength and determination to be absolutely OUTSTANDING in this new and very important role. Congratulations, Lindsey - You will do GREAT things for JUSTICE, Virginia, and our Country! Thank you for your attention to this matter. MAKE AMERICA GREAT AGAIN!",https://truthsocial.com/@realDonaldTrump/posts/115239776714791650,2025-09-21 01:50:44.500000+00:00,39650,18:50,2025-09-20,180.0,False
115245524632868198,2025-09-21,22:12,youtu.be/YyMghy2Zpqk?feature=s,https://truthsocial.com/@realDonaldTrump/posts/115245524632868198,2025-09-22 02:12:30.770000+00:00,5478,19:12,2025-09-21,180.0,False
115245905888029489,2025-09-21,23:49,Video -- https://1a-1791.com/video/fww1/61/s8/2/Q/H/g/k/QHgkz.caa.mp4?b=1&u=ummtf,https://truthsocial.com/@realDonaldTrump/posts/115245905888029489,2025-09-22 03:49:28.262000+00:00,11057,20:49,2025-09-21,180.0,False
115328023446331082,2025-10-06,09:36,"This morning, I had a very good telephone call with President Lula, of Brazil. We discussed many things, but it was mostly focused on the Economy, and Trade, between our two Countries. We will be having further discussions, and will get together in the not too distant future, both in Brazil and the United States. I enjoyed the call — Our Countries will do very well together!",https://truthsocial.com/@realDonaldTrump/posts/115328023446331082,2025-10-06 15:53:02.762000+00:00,40650,08:53,2025-10-06,43.0,False
115328193599837767,2025-10-06,10:46,https://iowaclimate.org/2025/02/06/the-shocking-solar-farm-bird-deaths-the-mainstream-media-arent-telling-you-about/,https://truthsocial.com/@realDonaldTrump/posts/115328193599837767,2025-10-06 16:36:19.099000+00:00,5703,09:36,2025-10-06,70.0,False
115328463321928109,2025-10-06,10:47,https://www.breitbart.com/politics/2025/09/25/exclusive-qatari-prime-minister-donald-trump-is-the-only-one-in-world-who-can-achieve-peace-in-gaza/,https://truthsocial.com/@realDonaldTrump/posts/115328463321928109,2025-10-06 17:44:54.731000+00:00,37293,10:44,2025-10-06,3.0,False
115328476199712157,2025-10-06,12:04,,https://truthsocial.com/@realDonaldTrump/posts/115328476199712157,2025-10-06 17:48:11.230000+00:00,62877,10:48,2025-10-06,76.0,False
115328477040351360,2025-10-06,12:04,,https://truthsocial.com/@realDonaldTrump/posts/115328477040351360,2025-10-06 17:48:24.058000+00:00,6272,10:48,2025-10-06,76.0,False
115328775907282328,2025-10-06,15:52,"Democrats have SHUT DOWN the United States Government right in the midst of one of the most successful Economies, including a Record Stock Market, that our Country has ever had. This has sadly affected so many programs, services, and other elements of Society that Americans rely on — And it should not have happened. I am happy to work with the Democrats on their Failed Healthcare Policies, or anything else, but first they must allow our Government to re-open. In fact, they should open our Government tonight!",https://truthsocial.com/@realDonaldTrump/posts/115328775907282328,2025-10-06 19:04:24.405000+00:00,36248,12:04,2025-10-06,228.0,False
115328776658949993,2025-10-06,,,https://truthsocial.com/@realDonaldTrump/posts/115328776658949993,2025-10-06 19:04:35.875000+00:00,5993,12:04,2025-10-06,,False
115329671584864920,2025-10-06,,,https://truthsocial.com/@realDonaldTrump/posts/115329671584864920,2025-10-06 22:52:11.360000+00:00,55960,15:52,2025-10-06,,False
115497577451954601,2025-11-05,05:52,"Video: https://1a-1791.com/video/fwe2/2f/s8/2/C/y/T/w/CyTwz.caa.mp4?b=1&u=ummtf https://truthsocial.com/@realDonaldTrump/115497419288017100 November 5, 2025 06:32 Video: https://www.youtube.com/live/Bo8bMllxsDg?si=xO7KgV1wiz0jENDA",https://truthsocial.com/@realDonaldTrump/posts/115497577451954601,2025-11-05 14:32:51.569000+00:00,8617,06:32,2025-11-05,40.0,False
115521958875373662,2025-11-09,13:38,Video: https://1a-1791.com/video/fwe2/1a/s8/2/U/N/c/y/UNcyz.caa.mp4?b=1&u=ummtf,https://truthsocial.com/@realDonaldTrump/posts/115521958875373662,2025-11-09 21:53:22.566000+00:00,8286,13:53,2025-11-09,15.0,False
115663975525032776,2025-12-04,,],https://truthsocial.com/@realDonaldTrump/posts/115663975525032776,2025-12-04 23:50:04.666000+00:00,41800,15:50,2025-12-04,,False
115663977245845999,2025-12-04,,],https://truthsocial.com/@realDonaldTrump/posts/115663977245845999,2025-12-04 23:50:30.924000+00:00,10735,15:50,2025-12-04,,False
115670540343801653,2025-12-05,,],https://truthsocial.com/@realDonaldTrump/posts/115670540343801653,2025-12-06 03:39:35.851000+00:00,30517,19:39,2025-12-05,,False
115674376798726553,2025-12-06,,],https://truthsocial.com/@realDonaldTrump/posts/115674376798726553,2025-12-06 19:55:15.507000+00:00,59801,11:55,2025-12-06,,False
115710698623079249,2025-12-12,09:52,"Republicans in the Indiana State Senate, who voted against a Majority in the U.S. House of Representatives, should be ashamed of themselves. Headed by a total loser named Rod Bray, every one of these people should be ""primaried,"" and I will be there to help! Indiana, which I won big, is the only state in the Union to do this!",https://truthsocial.com/@realDonaldTrump/posts/115710698623079249,2025-12-13 05:52:22.564000+00:00,4945,21:52,2025-12-12,720.0,False
115933737815800647,2026-01-21,07:41,"Wow! Biden's FBI paid anti-Trump 'Sedition Hunters' as informants in J6, Arctic Frost probes, memos show: justthenews.com/government/fed::",https://truthsocial.com/@realDonaldTrump/posts/115933737815800647,2026-01-21 15:14:10.558000+00:00,31559,07:14,2026-01-21,27.0,False
115978008041696617,2026-01-29,02:55,Video: https://1a-1791.com/video/fwe2/ae/s8/2/K/w/U/U/KwUUz.caa.mp4?b=1&u=ummtf,https://truthsocial.com/@realDonaldTrump/posts/115978008041696617,2026-01-29 10:52:40.597000+00:00,11625,02:52,2026-01-29,3.0,False
115978016656496914,2026-01-29,02:56,Video: https://1a-1791.com/video/fww1/39/s8/2/k/x/U/U/kxUUz.caa.mp4?b=1&u=ummtf,https://truthsocial.com/@realDonaldTrump/posts/115978016656496914,2026-01-29 10:54:52.048000+00:00,39186,02:54,2026-01-29,2.0,False
115978018196673150,2026-01-29,02:57,Video: https://1a-1791.com/video/fww1/b8/s8/2/2/x/U/U/2xUUz.caa.mp4?b=1&u=ummtf,https://truthsocial.com/@realDonaldTrump/posts/115978018196673150,2026-01-29 10:55:15.549000+00:00,53886,02:55,2026-01-29,2.0,False
115978022925817001,2026-01-29,02:58,Video: https://1a-1791.com/video/fww1/e5/s8/2/u/z/U/U/uzUUz.caa.mp4?b=1&u=ummtf,https://truthsocial.com/@realDonaldTrump/posts/115978022925817001,2026-01-29 10:56:27.710000+00:00,54441,02:56,2026-01-29,2.0,False
115978028922348931,2026-01-29,02:59,TRUMP WON BIG. Crooked Election!,https://truthsocial.com/@realDonaldTrump/posts/115978028922348931,2026-01-29 10:57:59.210000+00:00,42371,02:57,2026-01-29,2.0,False
115978031218105674,2026-01-29,03:02,x.com/thescif/status/201664832,https://truthsocial.com/@realDonaldTrump/posts/115978031218105674,2026-01-29 10:58:34.241000+00:00,7498,02:58,2026-01-29,4.0,False
115978035580347742,2026-01-29,04:54,"Jerome ""Too Late"" Powell again refused to cut interest rates, even though he has absolutely no reason to keep them so high. He is hurting our Country, and its National Security. We should have a substantially lower rate now that even this moron admits inflation is no longer a problem or threat. He is costing America Hundreds of Billions of Dollar a year in totally unnecessary and uncalled for INTEREST EXPENSE. Because of the vast amounts of money flowing into our Country because of Tariffs, we should be paying the LOWEST INTEREST RATE OF ANY COUNTRY IN THE WORLD. Most of these countries are low interest rate paying cash machines, thought of as elegant, solid, and prime, only because the U.S.A. allows them to be. The Tariffs being charged to them, while bringing in $BILLIONS to us, still allows most of them to have a significant trade surplus, though much smaller, with our beautiful, formerly abused Country. In other words, I have been very nice, kind, and gentle to countries all over the World. With a mere flip of the pen, $BILLIONS more would come into the U.S.A., and these countries would have to go back to making money the old fashioned way, not on the back of America. I hope they all appreciate, although many don't, what our great Country has done for them. The Fed should substantially lower interest rates, NOW! Tariffs have made America strong and powerful again, far stronger and more powerful than any other Nation. Commensurate with this strength, both financial and otherwise, WE SHOULD BE PAYING LOWER INTEREST RATES THAN ANY OTHER COUNTRY IN THE WORLD! Thank you for your attention to this matter. President DONALD J. TRUMP",https://truthsocial.com/@realDonaldTrump/posts/115978035580347742,2026-01-29 10:59:40.803000+00:00,42334,02:59,2026-01-29,115.0,False
115978045822911393,2026-01-29,08:24,"I had a very productive telephone conversation with President Claudia Sheinbaum, of Mexico. It went extremely well for both Countries. Much of it was focused on the Border, stopping Drug Trafficking, and Trade. We will be speaking again, soon, and ultimately, setting up meetings in our respective Countries. Mexico has a wonderful and highly intelligent Leader — They should be very happy about that! PRESIDENT DONALD J. TRUMP",https://truthsocial.com/@realDonaldTrump/posts/115978045822911393,2026-01-29 11:02:17.092000+00:00,50081,03:02,2026-01-29,322.0,False
115978487020569325,2026-01-29,08:26,Video: https://1a-1791.com/video/fwe2/c3/s8/2/M/4/Y/U/M4YUz.caa.mp4?b=1&u=ummtf,https://truthsocial.com/@realDonaldTrump/posts/115978487020569325,2026-01-29 12:54:29.234000+00:00,49901,04:54,2026-01-29,212.0,False
115979311914390909,2026-01-29,15:11,"America is setting Records in every way, and our Growth Numbers are among the best ever. The only thing that can slow our Country down is another long and damaging Government Shutdown. I am working hard with Congress to ensure that we are able to fully fund the Government, without delay. Republicans and Democrats in Congress have come together to get the vast majority of the Government funded until September, while at the same time providing an extension to the Department of Homeland Security (including the very important Coast Guard, which we are expanding and rebuilding like never before). Hopefully, both Republicans and Democrats will give a very much needed Bipartisan ""YES"" Vote. PRESIDENT DONALD J. TRUMP",https://truthsocial.com/@realDonaldTrump/posts/115979311914390909,2026-01-29 16:24:16.115000+00:00,38269,08:24,2026-01-29,407.0,False
115979321879115449,2026-01-29,15:29,"Based on the fact that Canada has wrongfully, illegally, and steadfastly refused to certify the Gulfstream 500, 600, 700, and 800 Jets, one of the greatest, most technologically advanced airplanes ever made, we are hereby decertifying their Bombardier Global Expresses, and all Aircraft made in Canada, until such time as Gulfstream, a Great American Company, is fully certified, as it should have been many years ago. Further, Canada is effectively prohibiting the sale of Gulfstream products in Canada through this very same certification process. If, for any reason, this situation is not immediately corrected, I am going to charge Canada a 50% Tariff on any and all Aircraft sold into the United States of America. Thank you for your attention to this matter! DONALD J. TRUMP PRESIDENT OF THE UNITED STATES OF AMERICA",https://truthsocial.com/@realDonaldTrump/posts/115979321879115449,2026-01-29 16:26:48.165000+00:00,14009,08:26,2026-01-29,423.0,False
115980912926614287,2026-01-29,22:26,"Agitator and, perhaps, insurrectionist, Alex Pretti’s stock has gone way down with the just released video of him screaming and spitting in the face of a very calm and under control ICE Officer, and then crazily kicking in a new and very expensive government vehicle, so hard and violent, in fact, that the taillight broke off in pieces. It was quite a display of abuse and anger, for all to see, crazed and out of control. The ICE Officer was calm and cool, not an easy thing to be under those circumstances! MAKE AMERICA GREAT AGAIN.",https://truthsocial.com/@realDonaldTrump/posts/115980912926614287,2026-01-29 23:11:25.623000+00:00,25359,15:11,2026-01-29,435.0,False
115980983698005555,2026-01-29,22:57,"Leigh Wambsganss, a Republican running for the State Senate in the suburbs of Fort Worth, Texas, will be a GREAT Candidate and has my Complete and Total Endorsement. Thank you for your attention to this matter!!! President DJT",https://truthsocial.com/@realDonaldTrump/posts/115980983698005555,2026-01-29 23:29:25.509000+00:00,7731,15:29,2026-01-29,448.0,False
115982625271651077,2026-01-29,,,https://truthsocial.com/@realDonaldTrump/posts/115982625271651077,2026-01-30 06:26:53.935000+00:00,6917,22:26,2026-01-29,,False
115982747344520072,2026-01-29,,,https://truthsocial.com/@realDonaldTrump/posts/115982747344520072,2026-01-30 06:57:56.619000+00:00,17288,22:57,2026-01-29,,False
116049030986794379,2026-02-10,,"February 10, 2026 Congressman Carlos Gimenez is doing a fantastic job representing Florida's 28th Congressional District! A Highly Respected Firefighter, Civic Leader, and Mayor of Miami-Dade County, prior to becoming a distinguished Congressman, Carlos has dedicated his life to serving his Community. In Congress, he is working hard to Grow our Economy, Cut Taxes and Regulations, Champion American Energy DOMINANCE, Promote MADE IN THE U.S.A., Keep our Border SECURE, Stop Migrant Crime, Strengthen our Military/Veterans, Ensure LAW AND ORDER, and Protect our always under siege Second Amendment. Carlos Gimenez has my Complete and Total Endorsement for Re-Election — HE WILL NEVER LET YOU DOWN!",https://truthsocial.com/@realDonaldTrump/posts/116049030986794379,2026-02-10 23:54:44.735000+00:00,1419,15:54,2026-02-10,,False
116050559055597383,2026-02-10,,"February 10, 2026 Apple News promotes left-leaning media outlets — as it shuts out conservative sites entirely: study: nypost.com/2026/02/10/business",https://truthsocial.com/@realDonaldTrump/posts/116050559055597383,2026-02-11 06:23:21.214000+00:00,36679,22:23,2026-02-10,,False
116081952122265348,2026-02-16,23:27,"Happy President's Day! Prices and Inflation are Way Down. The Stock Market, and your 401k's, are Way Up. Our Military is Strong and Powerful, Our Law Enforcement is GREAT, and Our Border is 100% Secure. Murders (YEAR 1900!) and Crime are at RECORD LOWS, and Our Country is Bigger, Better, and Stronger than EVER BEFORE!!! Working Hard - ENJOY YOUR DAY! President DJT",https://truthsocial.com/@realDonaldTrump/posts/116081952122265348,2026-02-16 19:27:01.396000+00:00,57092,11:27,2026-02-16,720.0,False
116134402050569654,2026-02-25,17:54,Dems ditched American heroes for adults in frog suits and tiresome De Niro — all we can do is pity them: nypost.com/2026/02/25/opinion/,https://truthsocial.com/@realDonaldTrump/posts/116134402050569654,2026-02-26 01:45:43.789000+00:00,13750,17:45,2026-02-25,9.0,False
116142578355684475,2026-02-27,16:25,Congrats to Newsmax. Big numbers! President DJT Newsmax Delivers 4M-Plus Viewers in Breakout State of Union Coverage: newsmax.com/newsfront/newsmax-,https://truthsocial.com/@realDonaldTrump/posts/116142578355684475,2026-02-27 12:25:04.304000+00:00,17531,04:25,2026-02-27,720.0,False
116224689141094171,2026-03-13,,"March 13, 2026",https://truthsocial.com/@realDonaldTrump/posts/116224689141094171,2026-03-14 00:26:55.458000+00:00,38683,17:26,2026-03-13,,False
116278897972103626,2026-03-23,,"March 23, 2026",https://truthsocial.com/@realDonaldTrump/posts/116278897972103626,2026-03-23 14:12:56.576000+00:00,18890,07:12,2026-03-23,,False
116278899551484414,2026-03-23,,"March 23, 2026 7;13 AM",https://truthsocial.com/@realDonaldTrump/posts/116278899551484414,2026-03-23 14:13:20.675000+00:00,47614,07:13,2026-03-23,,False
116334990675013056,2026-04-02,16:58,"Bad, and very boring singer, Bruce Springsteen, who looks like a dried up prune who has suffered greatly from the work of a really bad plastic surgeon, has long had a horrible and incurable case of Trump Derangement Syndrome, sometimes referred to as TDS. The guy is a total loser who spews hate against a President who won a Landslide Election, including the popular vote, all Seven Swing States, and 86% of the Counties across America. Under Sleepy Joe and the Dems, our Country was DEAD, and now we have the ""hottest"" Country, by far, anywhere in the World. MAGA SHOULD BOYCOTT HIS OVERPRICED CONCERTS, WHICH SUCK. SAVE YOUR HARD EARNED MONEY. AMERICA IS BACK!!! President DJT",https://truthsocial.com/@realDonaldTrump/posts/116334990675013056,2026-04-02 11:58:03.297000+00:00,60864,04:58,2026-04-02,720.0,False
116559317299457396,2026-05-11,,"May 11, 2026",https://truthsocial.com/@realDonaldTrump/posts/116559317299457396,2026-05-12 02:47:15.941000+00:00,28020,19:47,2026-05-11,,False
116624949486785240,2026-05-23,21:58,,https://truthsocial.com/@realDonaldTrump/posts/116624949486785240,2026-05-23 16:58:23.643000+00:00,37592,09:58,2026-05-23,720.0,False
116772448531484273,2026-06-18,11:01,"The United States is committed to PEACE, and we encourage everyone in the Middle East Region to maintain their commitment to allowing our negotiations to beautifully unfold. The Markets are loving what is happening with Oil Prices way down, and Stocks way up. We expect a complete Ceasefire on all fronts, including Lebanon, Hezbollah, and Israel. Thank you for your attention to this matter! President DONALD J. TRUMP",https://truthsocial.com/@realDonaldTrump/posts/116772448531484273,2026-06-18 18:09:20.453000+00:00,36465,11:09,2026-06-18,8.0,False
116801336239023557,2026-06-23,13:45,"Thank you, Scotland!!! President DJT Video: https://static-assets-1.truthsocial.com/tmtg:prime-ts-assets/media_attac...",https://truthsocial.com/@realDonaldTrump/posts/116801336239023557,2026-06-23 20:35:51.889000+00:00,26053,13:35,2026-06-23,10.0,False
116876071968901457,2026-07-06,18:20,Video: https://1a-1791.com/video/fwe2/40/s8/2/I/u/2/D/Iu2DA.caa.mp4?b=1&u=ummtf,https://truthsocial.com/@realDonaldTrump/posts/116876071968901457,2026-07-07 01:22:08.627000+00:00,2385,18:22,2026-07-06,2.0,False
116969149016233329,2026-07-23,09:49,"The Civil Nuclear Deal (There will be no enrichment of material!) being made between the United States Department of Energy and Saudi Arabia, which pertains only to non-military use such as the ones that Iran and UAE (and others) already have, will be approved, but is totally subject to Saudi Arabia joining the very respected and successful Abraham Accords. The United States is not opposed to Civil (Non-Enriched) Nuclear Facilities. Thank you for your attention to this matter! President DONALD J. TRUMP",https://truthsocial.com/@realDonaldTrump/posts/116969149016233329,2026-07-23 11:52:51.658000+00:00,54641,04:52,2026-07-23,297.0,False
117004345604552506,2026-07-29,22:03,,https://truthsocial.com/@realDonaldTrump/posts/117004345604552506,2026-07-29 17:03:48.975000+00:00,46906,10:03,2026-07-29,720.0,False
