probe,similarity,post_id,timestamp,text
disruption to global oil supply,0.62,117021602773641695,2026-08-01 18:12:32.478000+00:00,"Because of President Donald J. Trump, Oil Exports are SURGING!"
disruption to global oil supply,0.596,117021680223306706,2026-08-01 18:32:14.266000+00:00,"RT of President Donald J. Trump, Oil Exports are SURGING!"
disruption to global oil supply,0.558,116874572332187882,2026-07-06 19:00:45.986000+00:00,OIL PRICES COMING DOWN! bloomberg.com/news/articles/20
disruption to global oil supply,0.551,114738521695017472,2025-06-24 13:14:59.887000+00:00,"China can now continue to purchase Oil from Iran. Hopefully, they will be purchasing plenty from the U.S., also. It was my Great Honor to make this happen!"
disruption to global oil supply,0.522,117184857420534704,2026-08-30 14:10:20.699000+00:00,"One of the things I am going to do with the Venezuelan Oil is fill up the Strategic National Reserves which, because of Sleepy Joe Biden, has been virtually emptied. The ""topping out"" process will begin very shortly, and is a Gift from Venezuela to the People of the United States. Thank you! President DONALD J. TRUMP"
disruption to global oil supply,0.518,117184422478750334,2026-08-30 12:19:44.014000+00:00,"Trump's historic oil deal with Venezuela realigns global energy and puts OPEC, Canada on notice:"
disruption to global oil supply,0.504,114732938285152785,2025-06-23 13:35:03.813000+00:00,"EVERYONE, KEEP OIL PRICES DOWN. I’M WATCHING! YOU’RE PLAYING RIGHT INTO THE HANDS OF THE ENEMY. DON’T DO IT!"
disruption to global oil supply,0.502,115866624593954329,2026-01-09 18:46:24.063000+00:00,"The largest Oil Companies in the World are coming to the White House at 2:30 P.M. Everybody wants to be there. It’s too bad that the Ballroom hasn’t completed because, if it were, it would be PACKED. We apologize to those Oil Companies that we cannot take today, but Secretary of Energy Chris Wright, and Secretary of the Interior Doug Burgum, will see them over the next week. Everyone is in daily contact. Today’s meeting will almost exclusively be a discussion on Venezuelan Oil, and our longterm "
disruption to global oil supply,0.496,114259773249991583,2025-04-01 00:02:58.350000+00:00,"""Companies eye US expansion to lessen fallout from potential tariffs"" reuters.com/business/energy/in"
disruption to global oil supply,0.48,114298249002673077,2025-04-07 19:07:51.744000+00:00,"""What we're not talking about is, oil was $76, now it's $65. Gasoline prices are going to plummet…"""
disruption to global oil supply,0.48,114229482069423709,2025-03-26 15:39:31.615000+00:00,"""U.S. natural gas production is at an all-time high today...I was down a few weeks ago at a brand-new LNG export terminal in Louisiana coming online—We've approved four more within the first 100 days of the Trump administration..."""
disruption to global oil supply,0.473,116803130747198847,2026-06-24 04:12:13.911000+00:00,"The big Oil Companies are not dropping their price at the pump commensurate with the sharply lower prices they are paying for Oil. Those prices are dropping like a rock! In other words, customers are being “gouged.” I have instructed the DOJ to immediately start looking into this. Gasoline prices better start going down a lot faster than what I'm seeing! President DJT"
disruption to global oil supply,0.469,116438448094769480,2026-04-20 18:28:38.242000+00:00,"The Iranian leadership has forced hundreds of Ships toward the United States, mostly Texas, Louisiana, and Alaska, to get their Oil — Thank you very much! President DONALD J. TRUMP"
disruption to global oil supply,0.459,117031897808226413,2026-08-03 13:50:42.239000+00:00,"Mike Wirth, Chairman and CEO of Chevron, just gave, in an interview with the fabulous Maria Bartiromo, all of the reasons that his company is doing so well. The only thing he conveniently forgot to mention is that, without the genius, foresight, strength, and stability, of the TRUMP Administration, the Oil Industry, and our Country itself, would be DEAD! As an example, they threw Mike and Chevron out of Venezuela, but now they're back, far bigger and stronger than ever before, expecting to make "
disruption to global oil supply,0.449,116438578505730644,2026-04-20 19:01:48.156000+00:00,"RT Iranian leadership has forced hundreds of Ships toward the United States, mostly Texas, Louisiana, and Alaska, to get their Oil — Thank you very much! President DONALD J. TRUMP"
disruption to global oil supply,0.448,117175935338426953,2026-08-29 00:21:20.530000+00:00,"Our deal with Venezuela is the biggest oil deal, by far, in World history! President DJT"
disruption to global oil supply,0.438,115462098072054944,2025-10-30 08:09:59.195000+00:00,"I had a truly great meeting with President Xi of China. There is enormous respect between our two Countries, and that will only be enhanced with what just took place. We agreed on many things, with others, even of high importance, being very close to resolved. I was extremely honored by the fact that President Xi authorized China to begin the purchase of massive amounts of Soybeans, Sorghum, and other Farm products. Our Farmers will be very happy! In fact, as I said once before during my first A"
disruption to global oil supply,0.437,117175567133618952,2026-08-28 22:47:42.170000+00:00,"BREAKING NEWS: The United States of America has just entered into an Agreement with the Country of Venezuela on, THE BIGGEST OIL DEAL IN WORLD HISTORY! At my direction, Secretary of State Marco Rubio, and Secretary of War Pete Hegseth, working closely with Highly Respected Interim President of Venezuela, Delcy Rodriguez, and, through a partnership with private business, have secured majority U.S. control of more than 65 BILLION BARRELS of proven Oil Reserves in Venezuela, at no cost to the Ameri"
blocking shipping lanes and tankers,0.455,115267382531822964,2025-09-25 22:51:15.839000+00:00,"In order to protect our Great Heavy Truck Manufacturers from unfair outside competition, I will be imposing, as of October 1st, 2025, a 25% Tariff on all ""Heavy (Big!) Trucks"" made in other parts of the World. Therefore, our Great Large Truck Company Manufacturers, such as Peterbilt, Kenworth, Freightliner, Mack Trucks, and others, will be protected from the onslaught of outside interruptions. We need our Truckers to be financially healthy and strong, for many reasons, but above all else, for Na"
blocking shipping lanes and tankers,0.368,113642120976193077,2024-12-12 22:05:52.590000+00:00,"Just finished a meeting with the International Longshoremen's Association and its President, Harold Daggett, and Executive VP, Dennis Daggett. There has been a lot of discussion having to do with ""automation"" on United States docks. I've studied automation, and know just about everything there is to know about it. The amount of money saved is nowhere near the distress, hurt, and harm it causes for American Workers, in this case, our Longshoremen. Foreign companies have made a fortune in the U.S."
blocking shipping lanes and tankers,0.346,117089653850664292,2026-08-13 18:38:49.508000+00:00,"BIG WIN today at the U.S. Court of International Trade on one of the most DESPICABLE loopholes in American Trade Policy — The so-called ""de minimis"" exemption. For years, Foreign Shippers could send packages worth up to $800 into our Country, DUTY FREE, NO TARIFF, far less scrutiny. It became a giant loophole for TARIFF Cheats — and a Pipeline exploited by Fentanyl Traffickers, Counterfeiters, and other Criminals shipping dangerous and illegal products into America. The numbers were staggering. "
blocking shipping lanes and tankers,0.337,116104407604484915,2026-02-20 18:37:44.863000+00:00,"To show you how ridiculous the opinion is, the Court said that I'm not allowed to charge even $1 DOLLAR to any Country under IEEPA, I assume to protect other Countries, not the United States which they should be interested in protecting — But I am allowed to cut off any and all Trade or Business with that same Country, even imposing a Foreign Country destroying embargo, and do anything else I want to do to them — How nonsensical is that? They are saying that I have the absolute right to license,"
blocking shipping lanes and tankers,0.335,116206732840510472,2026-03-10 20:20:24.055000+00:00,"I am pleased to report that within the last few hours, we have hit, and completely destroyed, 10 inactive mine laying boats and/or ships, with more to follow! President DONALD J. TRUMP"
blocking shipping lanes and tankers,0.324,117174457516746267,2026-08-28 18:05:30.760000+00:00,Trump Moves to Ban Some Foreign Energy Equipment From Grid:
blocking shipping lanes and tankers,0.322,115311360340851958,2025-10-03 17:15:23.950000+00:00,"A boat loaded with enough drugs to kill 25 TO 50 THOUSAND PEOPLE was stopped, early this morning off the Coast of Venezuela, from entering American Territory. Video:"
blocking shipping lanes and tankers,0.319,114626396219930564,2025-06-04 18:00:00.914000+00:00,"breitbart.com/politics/2025/05 Three Judges Blocking Trump Tariffs Have Decades-Long Histories of Democrat Activism The judges who ruled that President Donald Trump's ""Liberation Day"" tariffs are illegal have a history of Democrat Party activism."
blocking shipping lanes and tankers,0.317,115859532176676320,2026-01-08 12:42:42.363000+00:00,Arrest them all. They are criminals!!!Foreign ATM? Somali cash exodus from Minneapolis exponentially larger than other major US airports: justthenews.com/government/sec
blocking shipping lanes and tankers,0.314,116998766458372558,2026-07-28 17:24:57.961000+00:00,"Tariffs pull, USMCA pushes: Toyota to Texas: thehill.com/opinion/white-hous"
blocking shipping lanes and tankers,0.303,115396632441470075,2025-10-18 18:41:12.947000+00:00,"It was my great honor to destroy a very large DRUG-CARRYING SUBMARINE that was navigating towards the United States on a well known narcotrafficking transit route. U.S. Intelligence confirmed this vessel was loaded up with mostly Fentanyl, and other illegal narcotics. There were four known narcoterrorists on board the vessel. Two of the terrorists were killed. At least 25,000 Americans would die if I allowed this submarine to come ashore. The two surviving terrorists are being returned to their "
blocking shipping lanes and tankers,0.301,114837208737137477,2025-07-11 23:32:24.646000+00:00,"I am on my way back from Texas, and watched in disbelief as THUGS were violently throwing rocks and bricks at ICE Officers while they were moving down a roadway in their car and/or official vehicle. Tremendous damage was done to these brand new vehicles. I know for a fact that these Officers are having a hard time with allowing this to happen in that it shows such total disrespect for LAW AND ORDER. Therefore, I am directing Secretary of Homeland Security, Kristi Noem, and Border Czar, Tom Homan"
blocking shipping lanes and tankers,0.3,114372351596556599,2025-04-20 21:13:07.593000+00:00,"NON-TARIFF CHEATING: 1. Currency Manipulation 2. VATs which act as tariffs and export subsidies 3. Dumping Below Cost 4. Export Subsidies and Other Govt. Subsidies 5. Protective Agricultural Standards (e.g., no genetically engineered corn in EU) 6. Protective Technical Standards (Japan's bowling ball test) 7. Counterfeiting, Piracy, and IP Theft (Over $1 trillion a year) 8. Transshipping to EVADE Tariffs!!!"
blocking shipping lanes and tankers,0.294,115519951705472870,2025-11-09 13:22:55.583000+00:00,"So, let's get this straight??? The President of the United States is allowed (and fully approved by Congress!) to stop ALL TRADE with a Foreign Country (Which is far more onerous than a Tariff!), and LICENSE a Foreign Country, but is not allowed to put a simple Tariff on a Foreign Country, even for purposes of NATIONAL SECURITY. That is NOT what our great Founders had in mind! The whole thing is ridiculous! Other Countries can Tariff us, but we can't Tariff them??? It is their DREAM!!! Businesse"
blocking shipping lanes and tankers,0.293,115642722629712717,2025-12-01 05:45:11.219000+00:00,"There are laws that impact our Nation. Read Title 18, Chapter 115, Section 2387, ""Whoever with the intent to interfere, impair, influence the loyalty, moral or discipline of the military and Naval Forces,……to be fined or imprisoned up to 10 years."" Commander Kirk Lippold, U.S. Navy, Ret. This is right on point. DO WHAT HAS TO BE DONE!!!"
blocking shipping lanes and tankers,0.29,114737953503348541,2025-06-24 10:50:29.970000+00:00,"ISRAEL. DO NOT DROP THOSE BOMBS. IF YOU DO IT IS A MAJOR VIOLATION. BRING YOUR PILOTS HOME, NOW! DONALD J. TRUMP, PRESIDENT OF THE UNITED STATES"
sanctions on energy exports,0.51,114186510410903319,2025-03-19 01:31:16.142000+00:00,"“Americans are continuing to see the benefits as the economic agenda of President Donald J. Trump and his administration comes into focus. After years of soaring prices and economic pain, the Trump Administration’s focus on cutting regulations and unleashing American energy is leading to stability for Americans’ bottom lines…”"
sanctions on energy exports,0.5,115255737765474303,2025-09-23 21:29:50.806000+00:00,"RT : In the event that Russia is not ready to make a deal to end the war, then the United States is fully prepared to impose a very strong round of powerful tariffs... But for those tariffs to be effective, European nations would have to join us in adopting the exact same measures... they have to immediately cease ALL energy purchases from Russia."
sanctions on energy exports,0.5,113865263826581861,2025-01-21 07:54:02.275000+00:00,RT 🚨 President Trump signs an order to ease the permitting process and other regulations in order to unleash American energy
sanctions on energy exports,0.489,117362870737690439,2026-10-01 00:41:28.355000+00:00,"In New York, I met with Lee Jae Myung, the President of the Republic of Korea, and we agreed to launch 200 Billion Dollars of new Investments in AMERICA! We will build American Energy and American Power across the United States under my 350 BILLION DOLLAR Korea Strategic Trade and Investment Deal that I reached with President Myung last year.We are turning Korea's Investment commitments into HUGE Construction Projects, and tens of thousands of AMERICAN JOBS. These are massive Energy Projects, ad"
sanctions on energy exports,0.485,114616351910119498,2025-06-02 23:25:36.909000+00:00,"If other Countries are allowed to use Tariffs against us, and we’re not allowed to counter them, quickly and nimbly, with Tariffs against them, our Country doesn’t have, even a small chance, of Economic survival."
sanctions on energy exports,0.483,117050488103108270,2026-08-06 20:38:27.627000+00:00,Trump allies push to arm president with new tariff weapon to punish countries 'ripping off' America:
sanctions on energy exports,0.48,114858589029028619,2025-07-15 18:09:42.010000+00:00,"This morning I finalized an important Deal with the Republic of Indonesia after speaking with their Highly Respected President Prabowo Subianto. This landmark Deal opens up Indonesia’s ENTIRE MARKET to the United States for the first time in History. As part of the Agreement, Indonesia has committed to purchasing $15 Billion Dollars in U.S. Energy, $4.5 Billion Dollars in American Agricultural Products, and 50 Boeing Jets, many of them 777’s. For the first time ever, our Ranchers, Farmers, and F"
sanctions on energy exports,0.479,117363279107343576,2026-10-01 02:25:19.582000+00:00,"RT New York, I met with Lee Jae Myung, the President of the Republic of Korea, and we agreed to launch 200 Billion Dollars of new Investments in AMERICA! We will build American Energy and American Power across the United States under my 350 BILLION DOLLAR Korea Strategic Trade and Investment Deal that I reached with President Myung last year.We are turning Korea's Investment commitments into HUGE Construction Projects, and tens of thousands of AMERICAN JOBS. These are massive Energy Projects, ad"
sanctions on energy exports,0.477,114104810698249053,2025-03-04 15:13:57.461000+00:00,"IF COMPANIES MOVE TO THE UNITED STATES, THERE ARE NO TARIFFS!!!"
sanctions on energy exports,0.476,114706478430915163,2025-06-18 21:25:58.479000+00:00,"EPA Administrator, Lee Zeldin: ""Ramping up domestic energy production is better for our economy, our environment, and our national security. President Trump's One, Big, Beautiful Bill will help make this happen."""
sanctions on energy exports,0.474,117197573240600580,2026-09-01 20:04:08.715000+00:00,We are unleashing American Energy Dominance! President DONALD J. TRUMP
sanctions on energy exports,0.474,114519952063614449,2025-05-16 22:49:51.986000+00:00,Ending the sanctions on Syria…
sanctions on energy exports,0.469,116087827602935657,2026-02-17 20:21:14.117000+00:00,"Our MASSIVE Trade Deal with Japan has just launched! Japan is now officially, and financially, moving forward with the FIRST set of Investments under its $550 BILLION Dollar Commitment to invest in the United States of America — part of our Historic Trade Deal to REVITALIZE the American Industrial Base, create HUNDREDS OF THOUSANDS of GREAT American Jobs, and strengthen our National and Economic Security like never before. Today, I am pleased to announce three TREMENDOUS Projects in the Strategi"
sanctions on energy exports,0.463,116591904858301243,2026-05-17 20:54:42.627000+00:00,Exclusive — Greek Energy Minister: Trump's ‘Trademark Move' with Allies and Adversaries Alike Is Energy Diplomacy: breitbart.com/politics/2026/05
sanctions on energy exports,0.461,117270009579288120,2026-09-14 15:05:39.527000+00:00,"Ukraine has agreed not to hit Russian Energy targets. Russia has agreed to do, likewise! The World's Diesel price rise is mostly caused by the Russia/Ukraine War, not Iran. President DJT"
sanctions on energy exports,0.459,117105403616486905,2026-08-16 13:24:11.862000+00:00,Trump wins legal battle to keep cheap imports subject to tariffs:
sanctions on energy exports,0.459,114297055955956469,2025-04-07 14:04:27.296000+00:00,This is NOT SUSTAINABLE! The United States can't lose $1.9 trillion on trade…
sanctions on energy exports,0.457,114180199351008084,2025-03-17 22:46:17.011000+00:00,"After years of being held captive by Environmental Extremists, Lunatics, Radicals, and Thugs, allowing other Countries, in particular China, to gain tremendous Economic advantage over us by opening up hundreds of all Coal Fire Power Plants, I am authorizing my Administration to immediately begin producing Energy with BEAUTIFUL, CLEAN COAL."
sanctions on energy exports,0.447,117119761850520698,2026-08-19 02:15:41.127000+00:00,"I have paused the 50% Tariffs against Canada, that were scheduled to kick in tomorrow morning for a three day period, based on the fact that Canada and the U.S.A., subject to the finalization of documents, have a DEAL! The great Keystone XL Pipeline, long ago killed by Sleepy Joe Biden, may be awoken from the grave! Thank you for your attention to this matter. President DONALD J. TRUMP"
sanctions on energy exports,0.447,116054544240272433,2026-02-11 23:16:50.306000+00:00,"""Canada has taken advantage of the United States on Trade for many years. They are among the worst in the World to deal with, especially as it relates to our Northern Border. TARIFFS make a WIN for us, EASY. Republicans must keep it that way! PRESIDENT DONALD J. TRUMP"""
sanctions on energy exports,0.446,114372350378942829,2025-04-20 21:12:49.014000+00:00,"Since our announcement of LIBERATION DAY, many World Leaders and Business Executives have come to me asking for relief from Tariffs. It's good to see that the World knows we are serious, because WE ARE! They must right the wrongs of decades of abuse, but it won't be easy for them. We must rebuild the Wealth of our Great Country, and create true RECIPROCITY. But for those who want the easiest path: Come to America, and build in America!"
military action threatening oil production,0.487,117046698987056229,2026-08-06 04:34:50.305000+00:00,"The U.S. has massive amounts of ""munitions,"" especially of certain types. Additionally, large amounts are being manufactured and shipped to the U.S. as needed. Defense companies are building the largest number of plants and factories in our country's history. The ""leakers"" of these treasonous statements are being hunted down. Long term jail sentences will be sought! President DJT"
military action threatening oil production,0.469,116249435067996399,2026-03-18 09:20:08.337000+00:00,Trump steamrolls over California's anti-fossil fuel crusade to get oil flowing from offshore rigs: justthenews.com/politics-polic
military action threatening oil production,0.458,116772416131420569,2026-06-18 18:01:06.067000+00:00,"The United States is committed to PEACE, and we encourage everyone in the Middle East Region to maintain their commitment to allowing our negotiations to beautifully unfold. The Markets are loving what is happening with Oil Prices way down, and Stocks way up. We expect a complete Ceasefire on all fronts, including Lebanon, Hezbollah, and Israel. Thank you for your attention to this matter! President DONALD J. TRUMP"
military action threatening oil production,0.458,116772448531484273,2026-06-18 18:09:20.453000+00:00,"The United States is committed to PEACE, and we encourage everyone in the Middle East Region to maintain their commitment to allowing our negotiations to beautifully unfold. The Markets are loving what is happening with Oil Prices way down, and Stocks way up. We expect a complete Ceasefire on all fronts, including Lebanon, Hezbollah, and Israel. Thank you for your attention to this matter! President DONALD J. TRUMP"
military action threatening oil production,0.452,117270313550921566,2026-09-14 16:22:57.766000+00:00,"I've just received a Report that the United States is producing more Exquisite and Elite Weapons than at any time in our History. They are being delivered on a daily basis to our Forces in the Middle East, and beyond. Our Defense Company Factories are moving 24/7, while at the same time building, on average, 4 to 5 largescale brand new Plants, each! A primary focus of this production has been Patriots, THAAD Systems, Tomahawks, and other Standard Missile Systems, of which we already have large n"
military action threatening oil production,0.441,116753971776687226,2026-06-15 11:50:27.549000+00:00,"Trump scores once-elusive peace deal with Iran, easing oil prices ahead of elections: justthenews.com/government/sec"
rising gasoline and fuel prices,0.652,116836032463779667,2026-06-29 23:39:34.264000+00:00,"Gasoline Retailers must get their Prices down, IMMEDIATELY! They're too high considering that Oil is now at $68 a Barrel, and heading south. The Retailers must quickly react to this statement, and do what they know is right — DROP YOUR PRICE FOR OUR GREAT AMERICAN PEOPLE! There will be no gauging, which is totally illegal. If Retailers don't do this, big problems lie ahead! Start targeting around the $2.50 a Gallon number, and California should stop charging such heavy Taxes on their Gasoline. S"
rising gasoline and fuel prices,0.647,115126384708348116,2025-09-01 01:13:39.792000+00:00,"Prices are ""WAY DOWN"" in the USA, with virtually no inflation. With the exception of ridiculous, corrupt politician approved ""Windmills,"" which are killing every State and Country that uses them, Energy prices are falling,""big time."" Gasoline is at many year lows. All of this despite magnificent Tariffs, which are bringing in Trillions of Dollars from Countries that took total advantage of us, for decades, and are making America STRONG and RESPECTED AGAIN!!!"
rising gasoline and fuel prices,0.61,114438304481024140,2025-05-02 12:45:48.746000+00:00,"Gasoline just broke $1.98 a Gallon, lowest in years, groceries (and eggs!) down, energy down, mortgage rates down, employment strong, and much more good news, as Billions of Dollars pour in from Tariffs. Just like I said, and we're only in a TRANSITION STAGE, just getting started!!! Consumers have been waiting for years to see pricing come down. NO INFLATION, THE FED SHOULD LOWER ITS RATE!!! DJT"
rising gasoline and fuel prices,0.541,114783742318054096,2025-07-02 12:55:11.835000+00:00,"""GAS PRICES FALL"" ""GAS PRICES FALL BELOW $2.70 ON FIRST COAST"" ""HOLIDAY GAS PRICES LOWEST SINCE 2021"" ""GAS PRICES HIT 4-YEAR-LOW AHEAD OF JULY 4 HOLIDAY WEEKEND"""
rising gasoline and fuel prices,0.54,117134657793309927,2026-08-21 17:23:55.176000+00:00,"Exclusive: EPA to Enact Emergency Fuel Waiver to Increase Domestic Gas Supply, Lower Prices:"
rising gasoline and fuel prices,0.534,117148203995010811,2026-08-24 02:48:53.810000+00:00,Trump EPA ends summer-gas rules early to lower U.S. pump prices:
rising gasoline and fuel prices,0.528,114494372667836601,2025-05-12 10:24:41.381000+00:00,"DRUG PRICES TO BE CUT BY 59%, PLUS! Gasoline, Energy, Groceries, and all other costs, DOWN. NO INFLATION!!! LOVE, DJT"
rising gasoline and fuel prices,0.524,116918825992948563,2026-07-14 14:35:03.261000+00:00,Trump touts U.S. economy and oil prices in a midterm pitch in Pennsylvania: nbcnews.com/politics/donald-tr
rising gasoline and fuel prices,0.522,117363255844500237,2026-10-01 02:19:24.619000+00:00,US finalizes new lower fuel economy standards in boost for gas-powered vehicles:
rising gasoline and fuel prices,0.52,116847413162359390,2026-07-01 23:53:49.943000+00:00,"Just as I promised, Oil Prices are plummeting FAST, and Gas Prices at the pump are dropping too, but not as fast as they should be. As we approach America's 250th Birthday, I am pleased to announce that a VERY smart Retailer, located throughout the Northeast, is stepping up, and wishing the People of Philadelphia a “Happy Birthday!” On July 3rd, the Freedom Fuel Network will be lowering gas prices at 25 “FREEDOM FUEL” Stations across the Greater Philadelphia Area. This Retailer is taking the lea"
rising gasoline and fuel prices,0.515,115754574755767978,2025-12-20 23:50:39.217000+00:00,"RT Trump Effect:""Gas prices hit cheapest December levels in 4 years as holiday travelers hit the road nationwide"""
rising gasoline and fuel prices,0.509,116833127066912322,2026-06-29 11:20:41.426000+00:00,"GAS PRICES COMING DOWN, FAST! REPORT ANY ABUSES AT RETAIL LEVEL!!! President DJT"
rising gasoline and fuel prices,0.507,114819199532902807,2025-07-08 19:12:25.997000+00:00,"Secretary Wright: ""The whole Administration—led by President Trump, is all-in on keeping gasoline prices down, diesel prices down..."""
rising gasoline and fuel prices,0.501,116874984393383550,2026-07-06 20:45:33.541000+00:00,"Great news! I have just been informed that one of the biggest, best, and smartest Retailers in America, Walmart, will be lowering prices, by a lot, at my Administration's request to celebrate our great Country's 250th birthday. Walmart will, in particular, be dropping the price for a pound of ground beef by almost 15%, among many other products. This is a huge deal for the many millions of Americans who, smartly, shop at Walmart, which is a truly patriotic Company who loves the U.S.A. My Adminis"
rising gasoline and fuel prices,0.5,114345526663892197,2025-04-16 03:31:11.604000+00:00,"The United States is taking in RECORD NUMBERS in Tariffs, with the cost of almost all products going down, including gasoline, groceries, and just about everything else. Likewise, INFLATION is down. Promises Made, Promises Kept!"
rising gasoline and fuel prices,0.499,114198370343993836,2025-03-21 03:47:24.360000+00:00,"Egg prices are WAY DOWN from the Biden inspired prices if just a few weeks ago. ""Groceries"" and Gasoline are down, also. Now, if the Fed would do the right thing and lower interest rates, that would be great!!!"
rising gasoline and fuel prices,0.498,115877168331849670,2026-01-11 15:27:48.735000+00:00,Now we are breaking $1.99 a gallon. AFFORDABILITY!
rising gasoline and fuel prices,0.496,116918823463345870,2026-07-14 14:34:24.662000+00:00,Trump tells Pa. truck workers 'fat drug' prices coming down next week: 'That alone should win the midterms': nypost.com/2026/06/23/us-news/
rising gasoline and fuel prices,0.492,116912869257680045,2026-07-13 13:20:10.694000+00:00,RT % Approval Rating. Prices coming down along with the lowering of oil and gas. Thank you! President DJT
rising gasoline and fuel prices,0.492,116909970912164568,2026-07-13 01:03:05.451000+00:00,59% Approval Rating. Prices coming down along with the lowering of oil and gas. Thank you! President DJT
rising gasoline and fuel prices,0.488,114495805003498315,2025-05-12 16:28:57.089000+00:00,"Dr. Jay Bhattacharya: ""What President Trump has done is a historic measure that should have been done a long time ago. What we're going to do is make sure that those prices become much closer to equal like a competitive market you would expect."""
rising gasoline and fuel prices,0.481,117306567834657729,2026-09-21 02:02:54.234000+00:00,"Gas prices were much higher under Biden than under ""TRUMP."" So were almost all other prices. President DJT"
rising gasoline and fuel prices,0.478,114392734082544469,2025-04-24 11:36:39.648000+00:00,"Gas and grocery prices are WAY DOWN, just like I said they would be. Eggs are plentiful, and down 87%. NICE!"
rising gasoline and fuel prices,0.478,116825706034291064,2026-06-28 03:53:25.454000+00:00,Mack to the future: Trump touts Iran deal energy boom that could boost trucking biz: justthenews.com/government/whi
rising gasoline and fuel prices,0.477,117363264569974249,2026-10-01 02:21:37.759000+00:00,"Trump Admin Kills Biden's Fuel Economy Rules, Says New Cars Will Cost $1,300 Less:"
rising gasoline and fuel prices,0.477,117266146923128186,2026-09-13 22:43:20.072000+00:00,Iranians Are Running Out of Gas as Economic Squeeze Takes Hold:
rising gasoline and fuel prices,0.475,117201327731957959,2026-09-02 11:58:57.706000+00:00,"Cheaper drugs, cheaper beef, cheaper gas. Trump lines up fall affordability before Labor Day:"
rising gasoline and fuel prices,0.475,117195516438814990,2026-09-01 11:21:04.410000+00:00,"Cheaper drugs, cheaper beef, cheaper gas. Trump lines up fall affordability before Labor Day:"
agreement to increase oil output,0.473,116754024963336496,2026-06-15 12:03:59.113000+00:00,"RT scores once-elusive peace deal with Iran, easing oil prices ahead of elections:"
agreement to increase oil output,0.454,115324114715261770,2025-10-05 23:19:00.259000+00:00,"Before I became President, ""OPEC"" kept Oil prices high. It wasn't right for them to do that but, in a different form, is being done again — This time by the Big Homebuilders of our Nation. They're my friends, and they're very important to the SUCCESS of our Country, but now, they can get Financing, and they have to start building Homes. They're sitting on 2 Million empty lots, A RECORD. I'm asking Fannie Mae and Freddie Mac to get Big Homebuilders going and, by so doing, help restore the America"
agreement to increase oil output,0.403,113683654440040843,2024-12-20 06:08:22.954000+00:00,"I told the European Union that they must make up their tremendous deficit with the United States by the large scale purchase of our oil and gas. Otherwise, it is TARIFFS all the way!!!"
agreement to increase oil output,0.399,114935401735258022,2025-07-29 07:44:10.891000+00:00,"North Sea Oil is a TREASURE CHEST for the United Kingdom. The taxes are so high, however, that it makes no sense. They have essentially told drillers and oil companies that, ""we don't want you."" Incentivize the drillers, FAST. A VAST FORTUNE TO BE MADE for the UK, and far lower energy costs for the people!"
agreement to increase oil output,0.396,114071774104516883,2025-02-26 19:12:19.045000+00:00,"We are hereby reversing the concessions that Crooked Joe Biden gave to Nicolás Maduro, of Venezuela, on the oil transaction agreement, dated November 26, 2022, and also having to do with Electoral conditions within Venezuela, which have not been met by the Maduro regime. Additionally, the regime has not been transporting the violent criminals that they sent into our Country (the Good Ole' U.S.A.) back to Venezuela at the rapid pace that they had agreed to. I am therefore ordering that the ineffe"
agreement to increase oil output,0.387,114556558074574515,2025-05-23 09:59:15.385000+00:00,"Our negotiated deal with the United Kingdom is working out well for all. I strongly recommend to them, however, that in order to get their Energy Costs down, they stop with the costly and unsightly windmills, and incentivize modernized drilling in the North Sea, where large amounts of oil lay waiting to be taken. A century of drilling left, with Aberdeen as the hub. The old fashioned tax system disincentivizes drilling, rather than the opposite. U.K.'s Energy Costs would go WAY DOWN, and fast!"
