topic,n,captured,coverage,terms
0,379,226,0.5963060686015831,"iran, strait, hormuz, nuclear, iranian, deal"
1,315,10,0.031746031746031744,"fake, news, fake news, times, new york, york"
2,178,1,0.0056179775280898875,"tariffs, tariff, countries, trade, united states, states"
3,166,8,0.04819277108433735,"peace, israel, hamas, gaza, hostages, minister"
4,157,0,0.0,"fbi, justthenews com, justthenews, com, com government, government"
5,149,0,0.0,"border, ice, illegal, country, aliens, democrats"
6,147,0,0.0,"court, judge, supreme court, supreme, case, judges"
7,124,3,0.024193548387096774,"levin, mark, mark levin, tonight, fox, interviewed"
8,122,0,0.0,"big beautiful, tax, beautiful, big, republicans, cuts"
9,118,2,0.01694915254237288,"white, ballroom, white house, house, center, kennedy center"
10,87,0,0.0,"crime, chicago, mayor, washington, dc, city"
11,86,2,0.023255813953488372,"jobs, economy, inflation, numbers, growth, 000"
12,84,0,0.0,"republican, carolina, state, indiana, republicans, great"
13,83,0,0.0,"rally, evening, crowd, fireworks, people, 000 people"
14,81,0,0.0,"district, judge, court, law, district court, university"
15,77,18,0.23376623376623376,"ukraine, russia, putin, war, president putin, zelenskyy"
16,69,16,0.2318840579710145,"venezuela, oil, strike, united states, united, states"
17,69,1,0.014492753623188406,"ambassador, announce, pleased announce, pleased, congratulations, serve"
18,68,0,0.0,"water, california, governor, newscum, angeles, los angeles"
19,67,0,0.0,"promises, trump, days, 100 days, president trump, president"
20,66,0,0.0,"canada, tariffs, reagan, ronald reagan, ronald, united states"
21,65,0,0.0,"djt, president djt, president, djt great, djt thank, great"
22,65,0,0.0,"filibuster, terminate filibuster, terminate, republicans, democrats, senate"
23,64,0,0.0,"book, new book, copy, copy today, fight, today"
24,63,1,0.015873015873015872,"late, powell, rates, jerome, fed, rate"
25,60,0,0.0,"navy, honor, army, brave, birthday, day"
26,57,0,0.0,"epa, energy, zeldin, lee zeldin, lee, administrator lee"
27,56,0,0.0,"memorial, pool, interior, reflecting, lincoln memorial, reflecting pool"
28,54,0,0.0,"secretary, director, pleased, announce, served, pleased announce"
29,53,0,0.0,"america act, save america, save, act, voters, citizenship"
30,50,7,0.14,"china, xi, president xi, meeting, president, xi china"
31,43,0,0.0,"minnesota, omar, somalia, fraud, ilhan, ilhan omar"
32,42,2,0.047619047619047616,"massie, kentucky, thomas massie, congressman, thomas, rand"
33,42,0,0.0,"video, video great, thank, nice thank, honor thank, nice"
34,41,8,0.1951219512195122,"nato, greenland, denmark, united, united states, states america"
35,36,0,0.0,"storms, million dollars, severe, million, flooding, state"
36,35,0,0.0,"golf, club, gary, player, championship, gary player"
37,33,2,0.06060606060606061,"autopen, biden, joe, pardon, joe biden, signed"
38,32,0,0.0,"rt, truth, maga, sir, usa, rt president"
39,32,0,0.0,"drug, prescription, drug prices, pharmaceutical, prices, drugs"
40,32,0,0.0,"pool, reflecting, reflecting pool, grass, park, monuments"
41,31,3,0.0967741935483871,"ai, data, data centers, centers, intelligence, hoax"
42,29,1,0.034482758620689655,"lindsey, graham, lindsey graham, south carolina, state south, carolina"
43,29,0,0.0,"jack, jack smith, smith, deranged jack, deranged, case"
44,29,0,0.0,"world cup, cup, fifa, world, fifa world, 2026 fifa"
45,29,1,0.034482758620689655,"prices, gas, gas prices, gasoline, walmart, oil"
46,27,0,0.0,"letitia, letitia james, james, com, criminal, new"
47,27,0,0.0,"china, japan, trade, deal, tariff, vietnam"
48,25,0,0.0,"sports, football, women, college, women sports, nfl"
